product_id,entrepost_id,month,price_brl_kg
alface,ceagesp_sp,2024-08,2.69
alface,ceagesp_sp,2024-09,2.28
alface,ceagesp_sp,2024-10,2.37
alface,ceagesp_sp,2024-11,4.78
alface,ceagesp_sp,2024-12,4.22
alface,ceagesp_sp,2025-01,2.98
alface,ceagesp_sp,2025-02,5.07
alface,ceagesp_sp,2025-03,4.35
alface,ceagesp_sp,2025-04,3.87
alface,ceagesp_sp,2025-05,4.38
alface,ceagesp_sp,2025-06,3.17
alface,ceagesp_sp,2025-07,2.97
alface,ceagesp_sp,2025-08,2.8
alface,ceagesp_sp,2025-09,2.47
alface,ceagesp_sp,2025-10,2.46
alface,ceagesp_sp,2025-11,2.53
alface,ceagesp_sp,2025-12,2.67
alface,ceagesp_sp,2026-01,4.09
alface,ceagesp_sp,2026-02,4.85
alface,ceagesp_sp,2026-03,4.89
alface,ceagesp_sp,2026-04,4.0
alface,ceagesp_sp,2026-05,3.7
alface,ceagesp_sp,2026-06,4.53
alface,ceagesp_sp,2026-07,4.59
alface,ceagesp_sp,2026-08,3.23
alface,ceasa_ac_rio_branco,2024-08,10.31
alface,ceasa_ac_rio_branco,2024-09,11.9
alface,ceasa_ac_rio_branco,2024-10,11.9
alface,ceasa_ac_rio_branco,2024-11,11.9
alface,ceasa_ac_rio_branco,2024-12,11.9
alface,ceasa_ac_rio_branco,2025-01,10.72
alface,ceasa_ac_rio_branco,2025-02,11.9
alface,ceasa_ac_rio_branco,2025-03,12.01
alface,ceasa_ac_rio_branco,2025-04,11.9
alface,ceasa_ac_rio_branco,2025-05,11.9
alface,ceasa_ac_rio_branco,2025-06,12.92
alface,ceasa_ac_rio_branco,2025-07,11.9
alface,ceasa_ac_rio_branco,2025-08,10.73
alface,ceasa_ac_rio_branco,2025-09,11.89
alface,ceasa_ac_rio_branco,2025-10,12.66
alface,ceasa_ac_rio_branco,2025-11,12.71
alface,ceasa_ac_rio_branco,2025-12,12.28
alface,ceasa_ac_rio_branco,2026-01,11.9
alface,ceasa_ac_rio_branco,2026-02,11.9
alface,ceasa_ac_rio_branco,2026-03,11.9
alface,ceasa_ac_rio_branco,2026-04,12.22
alface,ceasa_ac_rio_branco,2026-05,11.9
alface,ceasa_ac_rio_branco,2026-06,11.23
alface,ceasa_ac_rio_branco,2026-07,11.9
alface,ceasa_ac_rio_branco,2026-08,11.9
alface,ceasa_ce_fortaleza,2024-08,9.98
alface,ceasa_ce_fortaleza,2024-09,12.58
alface,ceasa_ce_fortaleza,2024-10,12.79
alface,ceasa_ce_fortaleza,2024-11,12.71
alface,ceasa_ce_fortaleza,2024-12,12.55
alface,ceasa_ce_fortaleza,2025-01,12.08
alface,ceasa_ce_fortaleza,2025-02,10.19
alface,ceasa_ce_fortaleza,2025-03,10.08
alface,ceasa_ce_fortaleza,2025-04,12.76
alface,ceasa_ce_fortaleza,2025-05,13.23
alface,ceasa_ce_fortaleza,2025-06,12.84
alface,ceasa_ce_fortaleza,2025-07,13.27
alface,ceasa_ce_fortaleza,2025-08,12.82
alface,ceasa_ce_fortaleza,2025-09,13.06
alface,ceasa_ce_fortaleza,2025-10,12.73
alface,ceasa_ce_fortaleza,2025-11,12.46
alface,ceasa_ce_fortaleza,2025-12,12.92
alface,ceasa_ce_fortaleza,2026-01,12.97
alface,ceasa_ce_fortaleza,2026-02,13.06
alface,ceasa_ce_fortaleza,2026-03,12.83
alface,ceasa_ce_fortaleza,2026-04,12.76
alface,ceasa_ce_fortaleza,2026-05,12.7
alface,ceasa_ce_fortaleza,2026-06,13.04
alface,ceasa_ce_fortaleza,2026-07,12.82
alface,ceasa_ce_fortaleza,2026-08,12.46
alface,ceasa_df_brasilia,2024-08,5.56
alface,ceasa_df_brasilia,2024-09,5.56
alface,ceasa_df_brasilia,2024-10,5.56
alface,ceasa_es_vitoria,2024-08,2.83
alface,ceasa_es_vitoria,2024-09,2.38
alface,ceasa_es_vitoria,2024-10,2.36
alface,ceasa_es_vitoria,2024-11,3.44
alface,ceasa_es_vitoria,2024-12,3.31
alface,ceasa_es_vitoria,2025-01,4.1
alface,ceasa_es_vitoria,2025-02,3.14
alface,ceasa_es_vitoria,2025-03,3.96
alface,ceasa_es_vitoria,2025-04,5.75
alface,ceasa_es_vitoria,2025-05,6.76
alface,ceasa_es_vitoria,2025-06,5.66
alface,ceasa_es_vitoria,2025-07,3.31
alface,ceasa_es_vitoria,2025-08,2.94
alface,ceasa_es_vitoria,2025-09,3.23
alface,ceasa_es_vitoria,2025-10,2.88
alface,ceasa_es_vitoria,2025-11,3.37
alface,ceasa_es_vitoria,2025-12,3.26
alface,ceasa_es_vitoria,2026-01,3.05
alface,ceasa_es_vitoria,2026-02,5.66
alface,ceasa_es_vitoria,2026-03,6.29
alface,ceasa_es_vitoria,2026-04,5.85
alface,ceasa_es_vitoria,2026-05,4.35
alface,ceasa_es_vitoria,2026-06,4.69
alface,ceasa_es_vitoria,2026-07,3.55
alface,ceasa_es_vitoria,2026-08,3.57
alface,ceasa_go_goiania,2024-08,3.33
alface,ceasa_go_goiania,2024-09,3.33
alface,ceasa_go_goiania,2024-10,3.53
alface,ceasa_go_goiania,2024-11,4.98
alface,ceasa_go_goiania,2024-12,3.93
alface,ceasa_go_goiania,2025-01,4.22
alface,ceasa_go_goiania,2025-02,5.0
alface,ceasa_go_goiania,2025-03,5.58
alface,ceasa_go_goiania,2025-04,5.78
alface,ceasa_go_goiania,2025-05,5.27
alface,ceasa_go_goiania,2025-06,5.05
alface,ceasa_go_goiania,2025-07,5.09
alface,ceasa_go_goiania,2025-08,4.78
alface,ceasa_go_goiania,2025-09,4.5
alface,ceasa_go_goiania,2025-10,4.98
alface,ceasa_go_goiania,2025-11,5.0
alface,ceasa_go_goiania,2025-12,5.0
alface,ceasa_go_goiania,2026-01,5.0
alface,ceasa_go_goiania,2026-02,5.56
alface,ceasa_go_goiania,2026-03,6.37
alface,ceasa_go_goiania,2026-04,6.74
alface,ceasa_go_goiania,2026-05,6.56
alface,ceasa_go_goiania,2026-06,6.41
alface,ceasa_pe_recife,2024-08,3.16
alface,ceasa_pe_recife,2024-09,2.91
alface,ceasa_pe_recife,2024-10,2.95
alface,ceasa_pe_recife,2024-11,6.23
alface,ceasa_pe_recife,2024-12,6.23
alface,ceasa_pe_recife,2025-01,8.33
alface,ceasa_pe_recife,2025-02,9.92
alface,ceasa_pe_recife,2025-03,3.89
alface,ceasa_pe_recife,2025-04,4.62
alface,ceasa_pe_recife,2025-05,7.63
alface,ceasa_pe_recife,2025-06,8.14
alface,ceasa_pe_recife,2025-07,5.78
alface,ceasa_pe_recife,2025-08,4.03
alface,ceasa_pe_recife,2025-09,3.64
alface,ceasa_pe_recife,2025-10,3.12
alface,ceasa_pe_recife,2025-11,3.22
alface,ceasa_pe_recife,2025-12,4.77
alface,ceasa_pe_recife,2026-01,5.34
alface,ceasa_pe_recife,2026-02,6.29
alface,ceasa_pe_recife,2026-03,7.18
alface,ceasa_pe_recife,2026-04,10.69
alface,ceasa_pe_recife,2026-05,11.64
alface,ceasa_pe_recife,2026-06,4.1
alface,ceasa_pe_recife,2026-07,3.56
alface,ceasa_pe_recife,2026-08,4.11
alface,ceasa_pr_curitiba,2024-08,3.64
alface,ceasa_pr_curitiba,2024-09,2.92
alface,ceasa_pr_curitiba,2024-10,2.12
alface,ceasa_pr_curitiba,2024-11,2.08
alface,ceasa_pr_curitiba,2024-12,3.58
alface,ceasa_pr_curitiba,2025-01,3.39
alface,ceasa_pr_curitiba,2025-02,4.49
alface,ceasa_pr_curitiba,2025-03,5.5
alface,ceasa_pr_curitiba,2025-04,3.93
alface,ceasa_pr_curitiba,2025-05,2.99
alface,ceasa_pr_curitiba,2025-06,3.31
alface,ceasa_pr_curitiba,2025-07,6.69
alface,ceasa_pr_curitiba,2025-08,5.07
alface,ceasa_pr_curitiba,2025-09,3.02
alface,ceasa_pr_curitiba,2025-10,2.35
alface,ceasa_pr_curitiba,2025-11,2.41
alface,ceasa_pr_curitiba,2025-12,2.58
alface,ceasa_pr_curitiba,2026-01,2.98
alface,ceasa_pr_curitiba,2026-02,3.31
alface,ceasa_pr_curitiba,2026-03,3.9
alface,ceasa_pr_curitiba,2026-04,4.22
alface,ceasa_pr_curitiba,2026-05,4.2
alface,ceasa_pr_curitiba,2026-06,5.96
alface,ceasa_pr_curitiba,2026-07,5.19
alface,ceasa_pr_curitiba,2026-08,4.1
alface,ceasa_rj,2024-08,2.86
alface,ceasa_rj,2024-09,2.94
alface,ceasa_rj,2024-10,2.59
alface,ceasa_rj,2024-11,3.22
alface,ceasa_rj,2024-12,3.23
alface,ceasa_rj,2025-01,2.99
alface,ceasa_rj,2025-02,3.28
alface,ceasa_rj,2025-03,3.34
alface,ceasa_rj,2025-04,4.01
alface,ceasa_rj,2025-05,4.61
alface,ceasa_rj,2025-06,3.33
alface,ceasa_rj,2025-07,3.06
alface,ceasa_rj,2025-08,2.94
alface,ceasa_rj,2025-09,2.8
alface,ceasa_rj,2025-10,2.64
alface,ceasa_rj,2025-11,2.72
alface,ceasa_rj,2025-12,3.01
alface,ceasa_rj,2026-01,3.08
alface,ceasa_rj,2026-02,4.4
alface,ceasa_rj,2026-03,4.62
alface,ceasa_rj,2026-04,3.74
alface,ceasa_rj,2026-05,2.79
alface,ceasa_rj,2026-06,3.52
alface,ceasa_rj,2026-07,5.05
alface,ceasa_rj,2026-08,3.47
alface,ceasa_sc_sao_jose,2024-08,6.4
alface,ceasa_sc_sao_jose,2024-09,6.0
alface,ceasa_sc_sao_jose,2024-10,5.0
alface,ceasa_sc_sao_jose,2024-11,5.0
alface,ceasa_sc_sao_jose,2024-12,5.62
alface,ceasa_sc_sao_jose,2025-01,5.0
alface,ceasa_sc_sao_jose,2025-02,6.56
alface,ceasa_sc_sao_jose,2025-03,6.67
alface,ceasa_sc_sao_jose,2025-04,6.17
alface,ceasa_sc_sao_jose,2025-05,6.14
alface,ceasa_sc_sao_jose,2025-06,6.1
alface,ceasa_sc_sao_jose,2025-07,6.16
alface,ceasa_sc_sao_jose,2025-08,6.13
alface,ceasa_sc_sao_jose,2025-09,6.13
alface,ceasa_sc_sao_jose,2025-10,6.09
alface,ceasa_sc_sao_jose,2025-11,6.12
alface,ceasa_sc_sao_jose,2025-12,6.13
alface,ceasa_sc_sao_jose,2026-01,6.08
alface,ceasa_sc_sao_jose,2026-02,6.08
alface,ceasa_sc_sao_jose,2026-03,6.08
alface,ceasa_sc_sao_jose,2026-04,5.66
alface,ceasa_sc_sao_jose,2026-05,5.66
alface,ceasa_sc_sao_jose,2026-06,6.34
alface,ceasa_sc_sao_jose,2026-07,6.08
alface,ceasa_sc_sao_jose,2026-08,6.09
alface,ceasa_sp_campinas,2024-08,2.12
alface,ceasa_sp_campinas,2024-09,1.93
alface,ceasa_sp_campinas,2024-10,1.93
alface,ceasa_sp_campinas,2024-11,3.49
alface,ceasa_sp_campinas,2024-12,3.67
alface,ceasa_sp_campinas,2025-01,2.73
alface,ceasa_sp_campinas,2025-02,3.21
alface,ceasa_sp_campinas,2025-03,3.22
alface,ceasa_sp_campinas,2025-04,2.91
alface,ceasa_sp_campinas,2025-05,2.94
alface,ceasa_sp_campinas,2025-06,2.54
alface,ceasa_sp_campinas,2025-07,2.76
alface,ceasa_sp_campinas,2025-08,2.24
alface,ceasa_sp_campinas,2025-09,2.01
alface,ceasa_sp_campinas,2025-10,2.35
alface,ceasa_sp_campinas,2025-11,2.29
alface,ceasa_sp_campinas,2025-12,2.39
alface,ceasa_sp_campinas,2026-01,3.41
alface,ceasa_sp_campinas,2026-02,3.71
alface,ceasa_sp_campinas,2026-03,3.59
alface,ceasa_sp_campinas,2026-04,3.18
alface,ceasa_sp_campinas,2026-05,3.03
alface,ceasa_sp_campinas,2026-06,3.15
alface,ceasa_sp_campinas,2026-07,3.43
alface,ceasa_sp_campinas,2026-08,3.36
alface,ceasaminas_bh,2024-08,5.02
alface,ceasaminas_bh,2024-09,5.3
alface,ceasaminas_bh,2024-10,5.65
alface,ceasaminas_bh,2024-11,8.13
alface,ceasaminas_bh,2024-12,8.58
alface,ceasaminas_bh,2025-01,10.07
alface,ceasaminas_bh,2025-02,12.43
alface,ceasaminas_bh,2025-03,9.71
alface,ceasaminas_bh,2025-04,10.1
alface,ceasaminas_bh,2025-05,12.59
alface,ceasaminas_bh,2025-06,8.1
alface,ceasaminas_bh,2025-07,7.1
alface,ceasaminas_bh,2025-08,6.89
alface,ceasaminas_bh,2025-09,6.17
alface,ceasaminas_bh,2025-10,6.59
alface,ceasaminas_bh,2025-11,7.58
alface,ceasaminas_bh,2025-12,7.12
alface,ceasaminas_bh,2026-01,8.78
alface,ceasaminas_bh,2026-02,13.27
alface,ceasaminas_bh,2026-03,13.62
alface,ceasaminas_bh,2026-04,13.37
alface,ceasaminas_bh,2026-05,9.63
alface,ceasaminas_bh,2026-06,8.51
alface,ceasaminas_bh,2026-07,9.85
alface,ceasaminas_bh,2026-08,9.41
batata,ceagesp_sp,2024-08,4.62
batata,ceagesp_sp,2024-09,4.39
batata,ceagesp_sp,2024-10,3.99
batata,ceagesp_sp,2024-11,4.07
batata,ceagesp_sp,2024-12,3.19
batata,ceagesp_sp,2025-01,2.89
batata,ceagesp_sp,2025-02,2.74
batata,ceagesp_sp,2025-03,2.7
batata,ceagesp_sp,2025-04,3.29
batata,ceagesp_sp,2025-05,3.53
batata,ceagesp_sp,2025-06,3.15
batata,ceagesp_sp,2025-07,2.01
batata,ceagesp_sp,2025-08,1.95
batata,ceagesp_sp,2025-09,1.8
batata,ceagesp_sp,2025-10,2.14
batata,ceagesp_sp,2025-11,2.09
batata,ceagesp_sp,2025-12,2.67
batata,ceagesp_sp,2026-01,2.48
batata,ceagesp_sp,2026-02,2.44
batata,ceagesp_sp,2026-03,2.7
batata,ceagesp_sp,2026-04,3.23
batata,ceagesp_sp,2026-05,4.98
batata,ceagesp_sp,2026-06,4.76
batata,ceagesp_sp,2026-07,3.16
batata,ceagesp_sp,2026-08,2.77
batata,ceasa_ac_rio_branco,2024-08,5.51
batata,ceasa_ac_rio_branco,2024-09,5.66
batata,ceasa_ac_rio_branco,2024-10,5.49
batata,ceasa_ac_rio_branco,2024-11,5.42
batata,ceasa_ac_rio_branco,2025-01,3.46
batata,ceasa_ac_rio_branco,2025-02,3.12
batata,ceasa_ac_rio_branco,2025-03,3.67
batata,ceasa_ac_rio_branco,2025-04,5.92
batata,ceasa_ac_rio_branco,2025-05,5.13
batata,ceasa_ac_rio_branco,2025-06,4.97
batata,ceasa_ac_rio_branco,2025-07,2.76
batata,ceasa_ac_rio_branco,2025-08,2.97
batata,ceasa_ac_rio_branco,2025-09,2.77
batata,ceasa_ac_rio_branco,2025-10,3.6
batata,ceasa_ac_rio_branco,2025-11,2.76
batata,ceasa_ac_rio_branco,2025-12,3.76
batata,ceasa_ac_rio_branco,2026-01,3.33
batata,ceasa_ac_rio_branco,2026-02,4.14
batata,ceasa_ac_rio_branco,2026-03,4.28
batata,ceasa_ac_rio_branco,2026-04,5.38
batata,ceasa_ac_rio_branco,2026-05,8.63
batata,ceasa_ac_rio_branco,2026-06,7.94
batata,ceasa_ac_rio_branco,2026-07,7.94
batata,ceasa_ac_rio_branco,2026-08,4.26
batata,ceasa_ce_fortaleza,2024-08,6.97
batata,ceasa_ce_fortaleza,2024-09,6.37
batata,ceasa_ce_fortaleza,2024-10,6.02
batata,ceasa_ce_fortaleza,2024-11,5.96
batata,ceasa_ce_fortaleza,2024-12,5.39
batata,ceasa_ce_fortaleza,2025-01,5.1
batata,ceasa_ce_fortaleza,2025-02,4.98
batata,ceasa_ce_fortaleza,2025-03,4.96
batata,ceasa_ce_fortaleza,2025-04,5.39
batata,ceasa_ce_fortaleza,2025-05,5.59
batata,ceasa_ce_fortaleza,2025-06,5.2
batata,ceasa_ce_fortaleza,2025-07,4.0
batata,ceasa_ce_fortaleza,2025-08,3.96
batata,ceasa_ce_fortaleza,2025-09,4.0
batata,ceasa_ce_fortaleza,2025-10,4.18
batata,ceasa_ce_fortaleza,2025-11,4.13
batata,ceasa_ce_fortaleza,2025-12,4.13
batata,ceasa_ce_fortaleza,2026-01,4.14
batata,ceasa_ce_fortaleza,2026-02,4.2
batata,ceasa_ce_fortaleza,2026-03,7.37
batata,ceasa_ce_fortaleza,2026-04,7.53
batata,ceasa_ce_fortaleza,2026-05,8.73
batata,ceasa_ce_fortaleza,2026-06,10.21
batata,ceasa_ce_fortaleza,2026-07,5.24
batata,ceasa_ce_fortaleza,2026-08,4.81
batata,ceasa_es_vitoria,2024-08,4.39
batata,ceasa_es_vitoria,2024-09,4.08
batata,ceasa_es_vitoria,2024-10,4.0
batata,ceasa_es_vitoria,2024-11,3.83
batata,ceasa_es_vitoria,2024-12,2.25
batata,ceasa_es_vitoria,2025-01,2.01
batata,ceasa_es_vitoria,2025-02,2.15
batata,ceasa_es_vitoria,2025-03,2.08
batata,ceasa_es_vitoria,2025-04,3.09
batata,ceasa_es_vitoria,2025-05,2.94
batata,ceasa_es_vitoria,2025-06,2.53
batata,ceasa_es_vitoria,2025-07,2.05
batata,ceasa_es_vitoria,2025-08,2.04
batata,ceasa_es_vitoria,2025-09,1.88
batata,ceasa_es_vitoria,2025-10,2.24
batata,ceasa_es_vitoria,2025-11,2.09
batata,ceasa_es_vitoria,2025-12,2.69
batata,ceasa_es_vitoria,2026-01,2.45
batata,ceasa_es_vitoria,2026-02,2.53
batata,ceasa_es_vitoria,2026-03,3.12
batata,ceasa_es_vitoria,2026-04,3.72
batata,ceasa_es_vitoria,2026-05,5.7
batata,ceasa_es_vitoria,2026-06,5.74
batata,ceasa_es_vitoria,2026-07,3.19
batata,ceasa_es_vitoria,2026-08,2.86
batata,ceasa_go_goiania,2024-08,3.53
batata,ceasa_go_goiania,2024-09,3.52
batata,ceasa_go_goiania,2024-10,2.72
batata,ceasa_go_goiania,2024-11,2.74
batata,ceasa_go_goiania,2024-12,2.03
batata,ceasa_go_goiania,2025-01,1.91
batata,ceasa_go_goiania,2025-02,1.79
batata,ceasa_go_goiania,2025-03,1.75
batata,ceasa_go_goiania,2025-04,2.27
batata,ceasa_go_goiania,2025-05,2.43
batata,ceasa_go_goiania,2025-06,2.12
batata,ceasa_go_goiania,2025-07,1.45
batata,ceasa_go_goiania,2025-08,1.47
batata,ceasa_go_goiania,2025-09,1.28
batata,ceasa_go_goiania,2025-10,1.51
batata,ceasa_go_goiania,2025-11,1.53
batata,ceasa_go_goiania,2025-12,1.92
batata,ceasa_go_goiania,2026-01,1.92
batata,ceasa_go_goiania,2026-02,1.86
batata,ceasa_go_goiania,2026-03,1.95
batata,ceasa_go_goiania,2026-04,2.44
batata,ceasa_go_goiania,2026-05,3.9
batata,ceasa_go_goiania,2026-06,3.41
batata,ceasa_pe_recife,2024-08,5.41
batata,ceasa_pe_recife,2024-09,5.25
batata,ceasa_pe_recife,2024-10,4.95
batata,ceasa_pe_recife,2024-11,4.71
batata,ceasa_pe_recife,2024-12,2.99
batata,ceasa_pe_recife,2025-01,2.28
batata,ceasa_pe_recife,2025-02,2.32
batata,ceasa_pe_recife,2025-03,2.34
batata,ceasa_pe_recife,2025-04,3.05
batata,ceasa_pe_recife,2025-05,3.16
batata,ceasa_pe_recife,2025-06,3.28
batata,ceasa_pe_recife,2025-07,2.72
batata,ceasa_pe_recife,2025-08,2.63
batata,ceasa_pe_recife,2025-09,2.47
batata,ceasa_pe_recife,2025-10,3.12
batata,ceasa_pe_recife,2025-11,3.01
batata,ceasa_pe_recife,2025-12,2.96
batata,ceasa_pe_recife,2026-01,2.4
batata,ceasa_pe_recife,2026-02,3.28
batata,ceasa_pe_recife,2026-03,5.23
batata,ceasa_pe_recife,2026-04,4.34
batata,ceasa_pe_recife,2026-05,7.97
batata,ceasa_pe_recife,2026-06,7.47
batata,ceasa_pe_recife,2026-07,4.22
batata,ceasa_pe_recife,2026-08,3.76
batata,ceasa_pr_curitiba,2024-08,4.41
batata,ceasa_pr_curitiba,2024-09,4.0
batata,ceasa_pr_curitiba,2024-10,4.11
batata,ceasa_pr_curitiba,2024-11,3.78
batata,ceasa_pr_curitiba,2024-12,2.22
batata,ceasa_pr_curitiba,2025-01,2.02
batata,ceasa_pr_curitiba,2025-02,2.18
batata,ceasa_pr_curitiba,2025-03,2.04
batata,ceasa_pr_curitiba,2025-04,3.46
batata,ceasa_pr_curitiba,2025-05,3.95
batata,ceasa_pr_curitiba,2025-06,3.34
batata,ceasa_pr_curitiba,2025-07,1.96
batata,ceasa_pr_curitiba,2025-08,1.9
batata,ceasa_pr_curitiba,2025-09,1.71
batata,ceasa_pr_curitiba,2025-10,2.43
batata,ceasa_pr_curitiba,2025-11,2.13
batata,ceasa_pr_curitiba,2025-12,2.12
batata,ceasa_pr_curitiba,2026-01,2.35
batata,ceasa_pr_curitiba,2026-02,2.1
batata,ceasa_pr_curitiba,2026-03,2.69
batata,ceasa_pr_curitiba,2026-04,3.38
batata,ceasa_pr_curitiba,2026-05,5.98
batata,ceasa_pr_curitiba,2026-06,5.28
batata,ceasa_pr_curitiba,2026-07,3.52
batata,ceasa_pr_curitiba,2026-08,2.72
batata,ceasa_rj,2024-08,2.12
batata,ceasa_rj,2024-09,2.04
batata,ceasa_rj,2024-10,1.83
batata,ceasa_rj,2024-11,1.9
batata,ceasa_rj,2024-12,1.21
batata,ceasa_rj,2025-01,1.05
batata,ceasa_rj,2025-02,1.13
batata,ceasa_rj,2025-03,1.19
batata,ceasa_rj,2025-04,1.78
batata,ceasa_rj,2025-05,1.75
batata,ceasa_rj,2025-06,1.41
batata,ceasa_rj,2025-07,0.97
batata,ceasa_rj,2025-08,0.83
batata,ceasa_rj,2025-09,0.71
batata,ceasa_rj,2025-10,0.89
batata,ceasa_rj,2025-11,0.89
batata,ceasa_rj,2025-12,1.19
batata,ceasa_rj,2026-01,0.99
batata,ceasa_rj,2026-02,1.27
batata,ceasa_rj,2026-03,1.33
batata,ceasa_rj,2026-04,1.61
batata,ceasa_rj,2026-05,1.94
batata,ceasa_rj,2026-06,2.47
batata,ceasa_rj,2026-07,1.53
batata,ceasa_rj,2026-08,1.22
batata,ceasa_sc_sao_jose,2024-08,4.73
batata,ceasa_sc_sao_jose,2024-09,4.71
batata,ceasa_sc_sao_jose,2024-10,4.39
batata,ceasa_sc_sao_jose,2024-11,4.24
batata,ceasa_sc_sao_jose,2024-12,2.71
batata,ceasa_sc_sao_jose,2025-01,1.96
batata,ceasa_sc_sao_jose,2025-02,2.36
batata,ceasa_sc_sao_jose,2025-03,2.04
batata,ceasa_sc_sao_jose,2025-04,3.06
batata,ceasa_sc_sao_jose,2025-05,3.17
batata,ceasa_sc_sao_jose,2025-06,2.93
batata,ceasa_sc_sao_jose,2025-07,2.57
batata,ceasa_sc_sao_jose,2025-08,1.92
batata,ceasa_sc_sao_jose,2025-09,1.93
batata,ceasa_sc_sao_jose,2025-10,1.84
batata,ceasa_sc_sao_jose,2025-11,2.05
batata,ceasa_sc_sao_jose,2025-12,2.14
batata,ceasa_sc_sao_jose,2026-01,2.06
batata,ceasa_sc_sao_jose,2026-02,2.36
batata,ceasa_sc_sao_jose,2026-03,2.07
batata,ceasa_sc_sao_jose,2026-04,3.15
batata,ceasa_sc_sao_jose,2026-05,3.1
batata,ceasa_sc_sao_jose,2026-06,5.89
batata,ceasa_sc_sao_jose,2026-07,4.89
batata,ceasa_sc_sao_jose,2026-08,3.64
batata,ceasa_sp_campinas,2024-08,4.35
batata,ceasa_sp_campinas,2024-09,4.26
batata,ceasa_sp_campinas,2024-10,3.96
batata,ceasa_sp_campinas,2024-11,3.85
batata,ceasa_sp_campinas,2024-12,3.21
batata,ceasa_sp_campinas,2025-01,2.8
batata,ceasa_sp_campinas,2025-02,3.14
batata,ceasa_sp_campinas,2025-03,3.05
batata,ceasa_sp_campinas,2025-04,4.4
batata,ceasa_sp_campinas,2025-05,4.45
batata,ceasa_sp_campinas,2025-06,3.99
batata,ceasa_sp_campinas,2025-07,2.89
batata,ceasa_sp_campinas,2025-08,2.58
batata,ceasa_sp_campinas,2025-09,2.25
batata,ceasa_sp_campinas,2025-10,2.63
batata,ceasa_sp_campinas,2025-11,2.69
batata,ceasa_sp_campinas,2025-12,2.9
batata,ceasa_sp_campinas,2026-01,2.83
batata,ceasa_sp_campinas,2026-02,3.05
batata,ceasa_sp_campinas,2026-03,3.39
batata,ceasa_sp_campinas,2026-04,3.83
batata,ceasa_sp_campinas,2026-05,6.22
batata,ceasa_sp_campinas,2026-06,6.24
batata,ceasa_sp_campinas,2026-07,4.36
batata,ceasa_sp_campinas,2026-08,3.88
batata,ceasaminas_bh,2024-08,3.64
batata,ceasaminas_bh,2024-09,3.73
batata,ceasaminas_bh,2024-10,3.01
batata,ceasaminas_bh,2024-11,3.14
batata,ceasaminas_bh,2024-12,2.27
batata,ceasaminas_bh,2025-01,2.0
batata,ceasaminas_bh,2025-02,1.95
batata,ceasaminas_bh,2025-03,1.81
batata,ceasaminas_bh,2025-04,2.25
batata,ceasaminas_bh,2025-05,2.44
batata,ceasaminas_bh,2025-06,2.54
batata,ceasaminas_bh,2025-07,1.75
batata,ceasaminas_bh,2025-08,1.54
batata,ceasaminas_bh,2025-09,1.29
batata,ceasaminas_bh,2025-10,1.47
batata,ceasaminas_bh,2025-11,1.49
batata,ceasaminas_bh,2025-12,1.9
batata,ceasaminas_bh,2026-01,1.71
batata,ceasaminas_bh,2026-02,1.91
batata,ceasaminas_bh,2026-03,2.11
batata,ceasaminas_bh,2026-04,2.34
batata,ceasaminas_bh,2026-05,4.31
batata,ceasaminas_bh,2026-06,4.2
batata,ceasaminas_bh,2026-07,2.68
batata,ceasaminas_bh,2026-08,2.27
cebola,ceagesp_sp,2024-08,3.53
cebola,ceagesp_sp,2024-09,2.8
cebola,ceagesp_sp,2024-10,2.06
cebola,ceagesp_sp,2024-11,1.83
cebola,ceagesp_sp,2024-12,2.04
cebola,ceagesp_sp,2025-01,2.12
cebola,ceagesp_sp,2025-02,2.21
cebola,ceagesp_sp,2025-03,2.42
cebola,ceagesp_sp,2025-04,2.51
cebola,ceagesp_sp,2025-05,3.06
cebola,ceagesp_sp,2025-06,2.51
cebola,ceagesp_sp,2025-07,1.93
cebola,ceagesp_sp,2025-08,1.75
cebola,ceagesp_sp,2025-09,1.52
cebola,ceagesp_sp,2025-10,1.79
cebola,ceagesp_sp,2025-11,1.89
cebola,ceagesp_sp,2025-12,2.24
cebola,ceagesp_sp,2026-01,1.88
cebola,ceagesp_sp,2026-02,1.92
cebola,ceagesp_sp,2026-03,2.8
cebola,ceagesp_sp,2026-04,3.34
cebola,ceagesp_sp,2026-05,3.97
cebola,ceagesp_sp,2026-06,4.42
cebola,ceagesp_sp,2026-07,4.24
cebola,ceagesp_sp,2026-08,3.91
cebola,ceasa_ac_rio_branco,2024-08,4.62
cebola,ceasa_ac_rio_branco,2024-09,4.16
cebola,ceasa_ac_rio_branco,2024-10,2.27
cebola,ceasa_ac_rio_branco,2024-11,2.7
cebola,ceasa_ac_rio_branco,2024-12,2.56
cebola,ceasa_ac_rio_branco,2025-01,3.19
cebola,ceasa_ac_rio_branco,2025-02,2.84
cebola,ceasa_ac_rio_branco,2025-03,3.46
cebola,ceasa_ac_rio_branco,2025-04,3.43
cebola,ceasa_ac_rio_branco,2025-05,3.66
cebola,ceasa_ac_rio_branco,2025-06,3.11
cebola,ceasa_ac_rio_branco,2025-07,2.49
cebola,ceasa_ac_rio_branco,2025-08,2.48
cebola,ceasa_ac_rio_branco,2025-09,1.79
cebola,ceasa_ac_rio_branco,2025-10,2.99
cebola,ceasa_ac_rio_branco,2025-11,6.37
cebola,ceasa_ac_rio_branco,2025-12,2.78
cebola,ceasa_ac_rio_branco,2026-01,2.52
cebola,ceasa_ac_rio_branco,2026-02,3.0
cebola,ceasa_ac_rio_branco,2026-03,4.69
cebola,ceasa_ac_rio_branco,2026-04,4.64
cebola,ceasa_ac_rio_branco,2026-05,5.32
cebola,ceasa_ac_rio_branco,2026-06,5.55
cebola,ceasa_ac_rio_branco,2026-07,5.56
cebola,ceasa_ac_rio_branco,2026-08,5.02
cebola,ceasa_ce_fortaleza,2024-08,4.24
cebola,ceasa_ce_fortaleza,2024-09,3.11
cebola,ceasa_ce_fortaleza,2024-10,2.37
cebola,ceasa_ce_fortaleza,2024-11,2.31
cebola,ceasa_ce_fortaleza,2024-12,2.82
cebola,ceasa_ce_fortaleza,2025-01,3.83
cebola,ceasa_ce_fortaleza,2025-02,4.04
cebola,ceasa_ce_fortaleza,2025-03,4.45
cebola,ceasa_ce_fortaleza,2025-04,4.53
cebola,ceasa_ce_fortaleza,2025-05,5.02
cebola,ceasa_ce_fortaleza,2025-06,4.47
cebola,ceasa_ce_fortaleza,2025-07,3.5
cebola,ceasa_ce_fortaleza,2025-08,3.07
cebola,ceasa_ce_fortaleza,2025-09,2.85
cebola,ceasa_ce_fortaleza,2025-10,2.68
cebola,ceasa_ce_fortaleza,2025-11,2.81
cebola,ceasa_ce_fortaleza,2025-12,3.9
cebola,ceasa_ce_fortaleza,2026-01,3.81
cebola,ceasa_ce_fortaleza,2026-02,3.54
cebola,ceasa_ce_fortaleza,2026-03,4.47
cebola,ceasa_ce_fortaleza,2026-04,5.5
cebola,ceasa_ce_fortaleza,2026-05,5.98
cebola,ceasa_ce_fortaleza,2026-06,6.0
cebola,ceasa_ce_fortaleza,2026-07,6.59
cebola,ceasa_ce_fortaleza,2026-08,5.5
cebola,ceasa_es_vitoria,2024-08,3.23
cebola,ceasa_es_vitoria,2024-09,2.37
cebola,ceasa_es_vitoria,2024-10,1.83
cebola,ceasa_es_vitoria,2024-11,1.87
cebola,ceasa_es_vitoria,2024-12,2.05
cebola,ceasa_es_vitoria,2025-01,2.12
cebola,ceasa_es_vitoria,2025-02,2.31
cebola,ceasa_es_vitoria,2025-03,2.53
cebola,ceasa_es_vitoria,2025-04,2.63
cebola,ceasa_es_vitoria,2025-05,3.19
cebola,ceasa_es_vitoria,2025-06,2.78
cebola,ceasa_es_vitoria,2025-07,2.17
cebola,ceasa_es_vitoria,2025-08,1.79
cebola,ceasa_es_vitoria,2025-09,1.59
cebola,ceasa_es_vitoria,2025-10,1.68
cebola,ceasa_es_vitoria,2025-11,1.81
cebola,ceasa_es_vitoria,2025-12,2.2
cebola,ceasa_es_vitoria,2026-01,1.93
cebola,ceasa_es_vitoria,2026-02,1.91
cebola,ceasa_es_vitoria,2026-03,3.07
cebola,ceasa_es_vitoria,2026-04,3.74
cebola,ceasa_es_vitoria,2026-05,4.37
cebola,ceasa_es_vitoria,2026-06,4.43
cebola,ceasa_es_vitoria,2026-07,4.66
cebola,ceasa_es_vitoria,2026-08,3.93
cebola,ceasa_go_goiania,2024-08,3.66
cebola,ceasa_go_goiania,2024-09,2.55
cebola,ceasa_go_goiania,2024-10,2.08
cebola,ceasa_go_goiania,2024-11,2.0
cebola,ceasa_go_goiania,2024-12,2.21
cebola,ceasa_go_goiania,2025-01,2.4
cebola,ceasa_go_goiania,2025-02,2.44
cebola,ceasa_go_goiania,2025-03,2.63
cebola,ceasa_go_goiania,2025-04,2.67
cebola,ceasa_go_goiania,2025-05,3.2
cebola,ceasa_go_goiania,2025-06,2.66
cebola,ceasa_go_goiania,2025-07,1.93
cebola,ceasa_go_goiania,2025-08,1.82
cebola,ceasa_go_goiania,2025-09,1.62
cebola,ceasa_go_goiania,2025-10,1.96
cebola,ceasa_go_goiania,2025-11,2.05
cebola,ceasa_go_goiania,2025-12,2.4
cebola,ceasa_go_goiania,2026-01,2.1
cebola,ceasa_go_goiania,2026-02,2.04
cebola,ceasa_go_goiania,2026-03,2.88
cebola,ceasa_go_goiania,2026-04,3.74
cebola,ceasa_go_goiania,2026-05,4.21
cebola,ceasa_go_goiania,2026-06,4.39
cebola,ceasa_pe_recife,2024-08,2.66
cebola,ceasa_pe_recife,2024-09,1.64
cebola,ceasa_pe_recife,2024-10,1.26
cebola,ceasa_pe_recife,2024-11,1.25
cebola,ceasa_pe_recife,2024-12,1.71
cebola,ceasa_pe_recife,2025-01,2.66
cebola,ceasa_pe_recife,2025-02,3.01
cebola,ceasa_pe_recife,2025-03,3.96
cebola,ceasa_pe_recife,2025-04,3.53
cebola,ceasa_pe_recife,2025-05,3.75
cebola,ceasa_pe_recife,2025-06,2.76
cebola,ceasa_pe_recife,2025-07,2.01
cebola,ceasa_pe_recife,2025-08,1.74
cebola,ceasa_pe_recife,2025-09,1.4
cebola,ceasa_pe_recife,2025-10,1.39
cebola,ceasa_pe_recife,2025-11,1.79
cebola,ceasa_pe_recife,2025-12,2.74
cebola,ceasa_pe_recife,2026-01,2.75
cebola,ceasa_pe_recife,2026-02,2.34
cebola,ceasa_pe_recife,2026-03,3.49
cebola,ceasa_pe_recife,2026-04,4.91
cebola,ceasa_pe_recife,2026-05,4.66
cebola,ceasa_pe_recife,2026-06,4.42
cebola,ceasa_pe_recife,2026-07,4.95
cebola,ceasa_pe_recife,2026-08,3.69
cebola,ceasa_pr_curitiba,2024-08,3.48
cebola,ceasa_pr_curitiba,2024-09,2.7
cebola,ceasa_pr_curitiba,2024-10,2.19
cebola,ceasa_pr_curitiba,2024-11,1.89
cebola,ceasa_pr_curitiba,2024-12,1.69
cebola,ceasa_pr_curitiba,2025-01,1.84
cebola,ceasa_pr_curitiba,2025-02,1.98
cebola,ceasa_pr_curitiba,2025-03,2.32
cebola,ceasa_pr_curitiba,2025-04,2.47
cebola,ceasa_pr_curitiba,2025-05,2.96
cebola,ceasa_pr_curitiba,2025-06,2.61
cebola,ceasa_pr_curitiba,2025-07,1.95
cebola,ceasa_pr_curitiba,2025-08,1.85
cebola,ceasa_pr_curitiba,2025-09,1.49
cebola,ceasa_pr_curitiba,2025-10,1.76
cebola,ceasa_pr_curitiba,2025-11,1.84
cebola,ceasa_pr_curitiba,2025-12,1.97
cebola,ceasa_pr_curitiba,2026-01,1.77
cebola,ceasa_pr_curitiba,2026-02,1.74
cebola,ceasa_pr_curitiba,2026-03,2.47
cebola,ceasa_pr_curitiba,2026-04,3.31
cebola,ceasa_pr_curitiba,2026-05,3.92
cebola,ceasa_pr_curitiba,2026-06,4.35
cebola,ceasa_pr_curitiba,2026-07,4.49
cebola,ceasa_pr_curitiba,2026-08,3.71
cebola,ceasa_rj,2024-08,3.61
cebola,ceasa_rj,2024-09,2.66
cebola,ceasa_rj,2024-10,2.15
cebola,ceasa_rj,2024-11,2.17
cebola,ceasa_rj,2024-12,2.2
cebola,ceasa_rj,2025-01,2.03
cebola,ceasa_rj,2025-02,2.23
cebola,ceasa_rj,2025-03,2.35
cebola,ceasa_rj,2025-04,2.49
cebola,ceasa_rj,2025-05,3.21
cebola,ceasa_rj,2025-06,2.58
cebola,ceasa_rj,2025-07,2.06
cebola,ceasa_rj,2025-08,1.85
cebola,ceasa_rj,2025-09,1.45
cebola,ceasa_rj,2025-10,1.66
cebola,ceasa_rj,2025-11,1.81
cebola,ceasa_rj,2025-12,2.09
cebola,ceasa_rj,2026-01,1.93
cebola,ceasa_rj,2026-02,1.78
cebola,ceasa_rj,2026-03,2.5
cebola,ceasa_rj,2026-04,3.06
cebola,ceasa_rj,2026-05,3.23
cebola,ceasa_rj,2026-06,4.17
cebola,ceasa_rj,2026-07,4.52
cebola,ceasa_rj,2026-08,3.7
cebola,ceasa_sc_sao_jose,2024-08,3.04
cebola,ceasa_sc_sao_jose,2024-09,2.79
cebola,ceasa_sc_sao_jose,2024-10,2.04
cebola,ceasa_sc_sao_jose,2024-11,2.03
cebola,ceasa_sc_sao_jose,2024-12,1.82
cebola,ceasa_sc_sao_jose,2025-01,2.0
cebola,ceasa_sc_sao_jose,2025-02,2.1
cebola,ceasa_sc_sao_jose,2025-03,2.18
cebola,ceasa_sc_sao_jose,2025-04,2.17
cebola,ceasa_sc_sao_jose,2025-05,2.15
cebola,ceasa_sc_sao_jose,2025-06,3.29
cebola,ceasa_sc_sao_jose,2025-07,2.77
cebola,ceasa_sc_sao_jose,2025-08,1.91
cebola,ceasa_sc_sao_jose,2025-09,1.6
cebola,ceasa_sc_sao_jose,2025-10,1.6
cebola,ceasa_sc_sao_jose,2025-11,2.22
cebola,ceasa_sc_sao_jose,2025-12,1.9
cebola,ceasa_sc_sao_jose,2026-01,2.14
cebola,ceasa_sc_sao_jose,2026-02,1.64
cebola,ceasa_sc_sao_jose,2026-03,1.61
cebola,ceasa_sc_sao_jose,2026-04,2.92
cebola,ceasa_sc_sao_jose,2026-05,3.07
cebola,ceasa_sc_sao_jose,2026-06,3.79
cebola,ceasa_sc_sao_jose,2026-07,3.23
cebola,ceasa_sc_sao_jose,2026-08,5.03
cebola,ceasa_sp_campinas,2024-08,3.29
cebola,ceasa_sp_campinas,2024-09,2.82
cebola,ceasa_sp_campinas,2024-10,2.19
cebola,ceasa_sp_campinas,2024-11,2.0
cebola,ceasa_sp_campinas,2024-12,2.07
cebola,ceasa_sp_campinas,2025-01,2.26
cebola,ceasa_sp_campinas,2025-02,2.37
cebola,ceasa_sp_campinas,2025-03,2.54
cebola,ceasa_sp_campinas,2025-04,2.68
cebola,ceasa_sp_campinas,2025-05,3.38
cebola,ceasa_sp_campinas,2025-06,3.14
cebola,ceasa_sp_campinas,2025-07,1.96
cebola,ceasa_sp_campinas,2025-08,1.79
cebola,ceasa_sp_campinas,2025-09,1.59
cebola,ceasa_sp_campinas,2025-10,1.66
cebola,ceasa_sp_campinas,2025-11,1.81
cebola,ceasa_sp_campinas,2025-12,2.23
cebola,ceasa_sp_campinas,2026-01,1.88
cebola,ceasa_sp_campinas,2026-02,2.04
cebola,ceasa_sp_campinas,2026-03,3.02
cebola,ceasa_sp_campinas,2026-04,3.34
cebola,ceasa_sp_campinas,2026-05,4.06
cebola,ceasa_sp_campinas,2026-06,4.68
cebola,ceasa_sp_campinas,2026-07,4.46
cebola,ceasa_sp_campinas,2026-08,3.76
cebola,ceasaminas_bh,2024-08,3.26
cebola,ceasaminas_bh,2024-09,2.93
cebola,ceasaminas_bh,2024-10,1.9
cebola,ceasaminas_bh,2024-11,1.82
cebola,ceasaminas_bh,2024-12,1.94
cebola,ceasaminas_bh,2025-01,2.15
cebola,ceasaminas_bh,2025-02,2.04
cebola,ceasaminas_bh,2025-03,2.32
cebola,ceasaminas_bh,2025-04,2.42
cebola,ceasaminas_bh,2025-05,3.2
cebola,ceasaminas_bh,2025-06,2.76
cebola,ceasaminas_bh,2025-07,1.96
cebola,ceasaminas_bh,2025-08,1.65
cebola,ceasaminas_bh,2025-09,1.44
cebola,ceasaminas_bh,2025-10,1.74
cebola,ceasaminas_bh,2025-11,1.82
cebola,ceasaminas_bh,2025-12,2.44
cebola,ceasaminas_bh,2026-01,1.82
cebola,ceasaminas_bh,2026-02,1.71
cebola,ceasaminas_bh,2026-03,2.89
cebola,ceasaminas_bh,2026-04,3.45
cebola,ceasaminas_bh,2026-05,4.08
cebola,ceasaminas_bh,2026-06,4.13
cebola,ceasaminas_bh,2026-07,4.25
cebola,ceasaminas_bh,2026-08,3.55
cenoura,ceagesp_sp,2024-08,2.03
cenoura,ceagesp_sp,2024-09,1.77
cenoura,ceagesp_sp,2024-10,1.6
cenoura,ceagesp_sp,2024-11,1.9
cenoura,ceagesp_sp,2024-12,2.43
cenoura,ceagesp_sp,2025-01,3.26
cenoura,ceagesp_sp,2025-02,3.24
cenoura,ceagesp_sp,2025-03,3.1
cenoura,ceagesp_sp,2025-04,2.12
cenoura,ceagesp_sp,2025-05,2.57
cenoura,ceagesp_sp,2025-06,2.12
cenoura,ceagesp_sp,2025-07,2.14
cenoura,ceagesp_sp,2025-08,2.49
cenoura,ceagesp_sp,2025-09,2.53
cenoura,ceagesp_sp,2025-10,2.46
cenoura,ceagesp_sp,2025-11,1.94
cenoura,ceagesp_sp,2025-12,2.36
cenoura,ceagesp_sp,2026-01,2.46
cenoura,ceagesp_sp,2026-02,2.56
cenoura,ceagesp_sp,2026-03,4.3
cenoura,ceagesp_sp,2026-04,6.26
cenoura,ceagesp_sp,2026-05,6.63
cenoura,ceagesp_sp,2026-06,5.97
cenoura,ceagesp_sp,2026-07,3.89
cenoura,ceagesp_sp,2026-08,4.32
cenoura,ceasa_ac_rio_branco,2024-08,2.88
cenoura,ceasa_ac_rio_branco,2024-09,3.12
cenoura,ceasa_ac_rio_branco,2024-10,2.64
cenoura,ceasa_ac_rio_branco,2024-11,3.93
cenoura,ceasa_ac_rio_branco,2024-12,4.15
cenoura,ceasa_ac_rio_branco,2025-01,5.81
cenoura,ceasa_ac_rio_branco,2025-02,6.59
cenoura,ceasa_ac_rio_branco,2025-03,4.79
cenoura,ceasa_ac_rio_branco,2025-04,3.58
cenoura,ceasa_ac_rio_branco,2025-05,3.58
cenoura,ceasa_ac_rio_branco,2025-06,2.73
cenoura,ceasa_ac_rio_branco,2025-07,2.74
cenoura,ceasa_ac_rio_branco,2025-08,3.83
cenoura,ceasa_ac_rio_branco,2025-09,4.59
cenoura,ceasa_ac_rio_branco,2025-10,3.83
cenoura,ceasa_ac_rio_branco,2025-11,4.29
cenoura,ceasa_ac_rio_branco,2025-12,3.36
cenoura,ceasa_ac_rio_branco,2026-01,4.44
cenoura,ceasa_ac_rio_branco,2026-02,4.15
cenoura,ceasa_ac_rio_branco,2026-03,6.59
cenoura,ceasa_ac_rio_branco,2026-04,10.2
cenoura,ceasa_ac_rio_branco,2026-05,8.91
cenoura,ceasa_ac_rio_branco,2026-06,7.34
cenoura,ceasa_ac_rio_branco,2026-07,7.34
cenoura,ceasa_ac_rio_branco,2026-08,6.8
cenoura,ceasa_ce_fortaleza,2024-08,3.6
cenoura,ceasa_ce_fortaleza,2024-09,2.3
cenoura,ceasa_ce_fortaleza,2024-10,2.14
cenoura,ceasa_ce_fortaleza,2024-11,2.1
cenoura,ceasa_ce_fortaleza,2024-12,2.04
cenoura,ceasa_ce_fortaleza,2025-01,2.08
cenoura,ceasa_ce_fortaleza,2025-02,2.77
cenoura,ceasa_ce_fortaleza,2025-03,3.74
cenoura,ceasa_ce_fortaleza,2025-04,4.07
cenoura,ceasa_ce_fortaleza,2025-05,4.44
cenoura,ceasa_ce_fortaleza,2025-06,3.61
cenoura,ceasa_ce_fortaleza,2025-07,3.67
cenoura,ceasa_ce_fortaleza,2025-08,4.05
cenoura,ceasa_ce_fortaleza,2025-09,2.01
cenoura,ceasa_ce_fortaleza,2025-10,2.2
cenoura,ceasa_ce_fortaleza,2025-11,2.05
cenoura,ceasa_ce_fortaleza,2025-12,2.11
cenoura,ceasa_ce_fortaleza,2026-01,2.33
cenoura,ceasa_ce_fortaleza,2026-02,2.35
cenoura,ceasa_ce_fortaleza,2026-03,3.27
cenoura,ceasa_ce_fortaleza,2026-04,4.77
cenoura,ceasa_ce_fortaleza,2026-05,3.19
cenoura,ceasa_ce_fortaleza,2026-06,4.42
cenoura,ceasa_ce_fortaleza,2026-07,3.32
cenoura,ceasa_ce_fortaleza,2026-08,4.05
cenoura,ceasa_es_vitoria,2024-08,1.97
cenoura,ceasa_es_vitoria,2024-09,1.85
cenoura,ceasa_es_vitoria,2024-10,1.73
cenoura,ceasa_es_vitoria,2024-11,1.96
cenoura,ceasa_es_vitoria,2024-12,2.72
cenoura,ceasa_es_vitoria,2025-01,4.24
cenoura,ceasa_es_vitoria,2025-02,3.22
cenoura,ceasa_es_vitoria,2025-03,3.77
cenoura,ceasa_es_vitoria,2025-04,2.76
cenoura,ceasa_es_vitoria,2025-05,2.89
cenoura,ceasa_es_vitoria,2025-06,2.51
cenoura,ceasa_es_vitoria,2025-07,2.14
cenoura,ceasa_es_vitoria,2025-08,2.31
cenoura,ceasa_es_vitoria,2025-09,2.7
cenoura,ceasa_es_vitoria,2025-10,2.86
cenoura,ceasa_es_vitoria,2025-11,2.62
cenoura,ceasa_es_vitoria,2025-12,2.62
cenoura,ceasa_es_vitoria,2026-01,3.1
cenoura,ceasa_es_vitoria,2026-02,2.81
cenoura,ceasa_es_vitoria,2026-03,4.28
cenoura,ceasa_es_vitoria,2026-04,6.82
cenoura,ceasa_es_vitoria,2026-05,6.6
cenoura,ceasa_es_vitoria,2026-06,5.76
cenoura,ceasa_es_vitoria,2026-07,4.31
cenoura,ceasa_es_vitoria,2026-08,3.78
cenoura,ceasa_go_goiania,2024-08,1.38
cenoura,ceasa_go_goiania,2024-09,1.18
cenoura,ceasa_go_goiania,2024-10,1.18
cenoura,ceasa_go_goiania,2024-11,1.24
cenoura,ceasa_go_goiania,2024-12,1.69
cenoura,ceasa_go_goiania,2025-01,2.63
cenoura,ceasa_go_goiania,2025-02,2.14
cenoura,ceasa_go_goiania,2025-03,2.19
cenoura,ceasa_go_goiania,2025-04,1.8
cenoura,ceasa_go_goiania,2025-05,1.94
cenoura,ceasa_go_goiania,2025-06,1.4
cenoura,ceasa_go_goiania,2025-07,1.29
cenoura,ceasa_go_goiania,2025-08,1.74
cenoura,ceasa_go_goiania,2025-09,1.84
cenoura,ceasa_go_goiania,2025-10,1.75
cenoura,ceasa_go_goiania,2025-11,1.56
cenoura,ceasa_go_goiania,2025-12,1.7
cenoura,ceasa_go_goiania,2026-01,1.78
cenoura,ceasa_go_goiania,2026-02,1.84
cenoura,ceasa_go_goiania,2026-03,3.06
cenoura,ceasa_go_goiania,2026-04,4.49
cenoura,ceasa_go_goiania,2026-05,4.2
cenoura,ceasa_go_goiania,2026-06,4.3
cenoura,ceasa_pe_recife,2024-08,2.45
cenoura,ceasa_pe_recife,2024-09,2.06
cenoura,ceasa_pe_recife,2024-10,2.1
cenoura,ceasa_pe_recife,2024-11,2.74
cenoura,ceasa_pe_recife,2024-12,3.38
cenoura,ceasa_pe_recife,2025-01,5.39
cenoura,ceasa_pe_recife,2025-02,4.45
cenoura,ceasa_pe_recife,2025-03,4.28
cenoura,ceasa_pe_recife,2025-04,3.25
cenoura,ceasa_pe_recife,2025-05,3.65
cenoura,ceasa_pe_recife,2025-06,2.78
cenoura,ceasa_pe_recife,2025-07,2.75
cenoura,ceasa_pe_recife,2025-08,3.36
cenoura,ceasa_pe_recife,2025-09,3.19
cenoura,ceasa_pe_recife,2025-10,3.4
cenoura,ceasa_pe_recife,2025-11,2.99
cenoura,ceasa_pe_recife,2025-12,2.79
cenoura,ceasa_pe_recife,2026-01,3.24
cenoura,ceasa_pe_recife,2026-02,3.22
cenoura,ceasa_pe_recife,2026-03,5.33
cenoura,ceasa_pe_recife,2026-04,7.42
cenoura,ceasa_pe_recife,2026-05,7.5
cenoura,ceasa_pe_recife,2026-06,7.76
cenoura,ceasa_pe_recife,2026-07,5.5
cenoura,ceasa_pe_recife,2026-08,5.45
cenoura,ceasa_pr_curitiba,2024-08,1.66
cenoura,ceasa_pr_curitiba,2024-09,1.46
cenoura,ceasa_pr_curitiba,2024-10,1.28
cenoura,ceasa_pr_curitiba,2024-11,1.13
cenoura,ceasa_pr_curitiba,2024-12,1.18
cenoura,ceasa_pr_curitiba,2025-01,1.72
cenoura,ceasa_pr_curitiba,2025-02,2.04
cenoura,ceasa_pr_curitiba,2025-03,2.25
cenoura,ceasa_pr_curitiba,2025-04,1.84
cenoura,ceasa_pr_curitiba,2025-05,1.55
cenoura,ceasa_pr_curitiba,2025-06,1.27
cenoura,ceasa_pr_curitiba,2025-07,1.19
cenoura,ceasa_pr_curitiba,2025-08,1.51
cenoura,ceasa_pr_curitiba,2025-09,1.33
cenoura,ceasa_pr_curitiba,2025-10,1.85
cenoura,ceasa_pr_curitiba,2025-11,2.13
cenoura,ceasa_pr_curitiba,2025-12,2.21
cenoura,ceasa_pr_curitiba,2026-01,2.08
cenoura,ceasa_pr_curitiba,2026-02,1.7
cenoura,ceasa_pr_curitiba,2026-03,2.99
cenoura,ceasa_pr_curitiba,2026-04,4.5
cenoura,ceasa_pr_curitiba,2026-05,4.64
cenoura,ceasa_pr_curitiba,2026-06,5.41
cenoura,ceasa_pr_curitiba,2026-07,3.51
cenoura,ceasa_pr_curitiba,2026-08,3.79
cenoura,ceasa_rj,2024-08,2.75
cenoura,ceasa_rj,2024-09,2.56
cenoura,ceasa_rj,2024-10,2.31
cenoura,ceasa_rj,2024-11,2.39
cenoura,ceasa_rj,2024-12,2.77
cenoura,ceasa_rj,2025-01,4.38
cenoura,ceasa_rj,2025-02,4.6
cenoura,ceasa_rj,2025-03,4.03
cenoura,ceasa_rj,2025-04,2.88
cenoura,ceasa_rj,2025-05,2.89
cenoura,ceasa_rj,2025-06,2.43
cenoura,ceasa_rj,2025-07,2.42
cenoura,ceasa_rj,2025-08,2.96
cenoura,ceasa_rj,2025-09,3.28
cenoura,ceasa_rj,2025-10,2.72
cenoura,ceasa_rj,2025-11,2.42
cenoura,ceasa_rj,2025-12,2.66
cenoura,ceasa_rj,2026-01,2.92
cenoura,ceasa_rj,2026-02,2.78
cenoura,ceasa_rj,2026-03,4.62
cenoura,ceasa_rj,2026-04,6.29
cenoura,ceasa_rj,2026-05,6.72
cenoura,ceasa_rj,2026-06,6.53
cenoura,ceasa_rj,2026-07,5.05
cenoura,ceasa_rj,2026-08,4.11
cenoura,ceasa_sc_sao_jose,2024-08,2.23
cenoura,ceasa_sc_sao_jose,2024-09,2.0
cenoura,ceasa_sc_sao_jose,2024-10,2.0
cenoura,ceasa_sc_sao_jose,2024-11,2.0
cenoura,ceasa_sc_sao_jose,2024-12,2.07
cenoura,ceasa_sc_sao_jose,2025-01,2.5
cenoura,ceasa_sc_sao_jose,2025-02,2.43
cenoura,ceasa_sc_sao_jose,2025-03,2.99
cenoura,ceasa_sc_sao_jose,2025-04,2.24
cenoura,ceasa_sc_sao_jose,2025-05,2.33
cenoura,ceasa_sc_sao_jose,2025-06,1.93
cenoura,ceasa_sc_sao_jose,2025-07,1.86
cenoura,ceasa_sc_sao_jose,2025-08,2.5
cenoura,ceasa_sc_sao_jose,2025-09,2.5
cenoura,ceasa_sc_sao_jose,2025-10,2.5
cenoura,ceasa_sc_sao_jose,2025-11,2.5
cenoura,ceasa_sc_sao_jose,2025-12,2.39
cenoura,ceasa_sc_sao_jose,2026-01,2.37
cenoura,ceasa_sc_sao_jose,2026-02,3.25
cenoura,ceasa_sc_sao_jose,2026-03,3.2
cenoura,ceasa_sc_sao_jose,2026-04,6.43
cenoura,ceasa_sc_sao_jose,2026-05,5.43
cenoura,ceasa_sc_sao_jose,2026-06,5.25
cenoura,ceasa_sc_sao_jose,2026-07,5.94
cenoura,ceasa_sc_sao_jose,2026-08,4.19
cenoura,ceasa_sp_campinas,2024-08,1.98
cenoura,ceasa_sp_campinas,2024-09,1.67
cenoura,ceasa_sp_campinas,2024-10,1.68
cenoura,ceasa_sp_campinas,2024-11,1.63
cenoura,ceasa_sp_campinas,2024-12,2.41
cenoura,ceasa_sp_campinas,2025-01,3.73
cenoura,ceasa_sp_campinas,2025-02,3.58
cenoura,ceasa_sp_campinas,2025-03,3.6
cenoura,ceasa_sp_campinas,2025-04,2.44
cenoura,ceasa_sp_campinas,2025-05,2.52
cenoura,ceasa_sp_campinas,2025-06,2.25
cenoura,ceasa_sp_campinas,2025-07,2.02
cenoura,ceasa_sp_campinas,2025-08,2.52
cenoura,ceasa_sp_campinas,2025-09,2.63
cenoura,ceasa_sp_campinas,2025-10,2.73
cenoura,ceasa_sp_campinas,2025-11,2.44
cenoura,ceasa_sp_campinas,2025-12,2.48
cenoura,ceasa_sp_campinas,2026-01,2.58
cenoura,ceasa_sp_campinas,2026-02,2.54
cenoura,ceasa_sp_campinas,2026-03,4.42
cenoura,ceasa_sp_campinas,2026-04,6.23
cenoura,ceasa_sp_campinas,2026-05,6.65
cenoura,ceasa_sp_campinas,2026-06,6.75
cenoura,ceasa_sp_campinas,2026-07,4.16
cenoura,ceasa_sp_campinas,2026-08,4.39
cenoura,ceasaminas_bh,2024-08,1.58
cenoura,ceasaminas_bh,2024-09,1.46
cenoura,ceasaminas_bh,2024-10,1.39
cenoura,ceasaminas_bh,2024-11,1.52
cenoura,ceasaminas_bh,2024-12,1.61
cenoura,ceasaminas_bh,2025-01,3.3
cenoura,ceasaminas_bh,2025-02,2.53
cenoura,ceasaminas_bh,2025-03,2.67
cenoura,ceasaminas_bh,2025-04,2.18
cenoura,ceasaminas_bh,2025-05,2.1
cenoura,ceasaminas_bh,2025-06,1.63
cenoura,ceasaminas_bh,2025-07,1.44
cenoura,ceasaminas_bh,2025-08,1.98
cenoura,ceasaminas_bh,2025-09,2.14
cenoura,ceasaminas_bh,2025-10,2.08
cenoura,ceasaminas_bh,2025-11,1.73
cenoura,ceasaminas_bh,2025-12,1.77
cenoura,ceasaminas_bh,2026-01,2.2
cenoura,ceasaminas_bh,2026-02,1.99
cenoura,ceasaminas_bh,2026-03,2.68
cenoura,ceasaminas_bh,2026-04,4.28
cenoura,ceasaminas_bh,2026-05,4.15
cenoura,ceasaminas_bh,2026-06,4.99
cenoura,ceasaminas_bh,2026-07,3.22
cenoura,ceasaminas_bh,2026-08,3.18
tomate,ceagesp_sp,2024-08,2.41
tomate,ceagesp_sp,2024-09,2.55
tomate,ceagesp_sp,2024-10,2.75
tomate,ceagesp_sp,2024-11,2.16
tomate,ceagesp_sp,2024-12,2.77
tomate,ceagesp_sp,2025-01,2.91
tomate,ceagesp_sp,2025-02,3.56
tomate,ceagesp_sp,2025-03,6.05
tomate,ceagesp_sp,2025-04,5.6
tomate,ceagesp_sp,2025-05,4.33
tomate,ceagesp_sp,2025-06,4.59
tomate,ceagesp_sp,2025-07,4.17
tomate,ceagesp_sp,2025-08,3.79
tomate,ceagesp_sp,2025-09,3.46
tomate,ceagesp_sp,2025-10,3.37
tomate,ceagesp_sp,2025-11,2.15
tomate,ceagesp_sp,2025-12,2.59
tomate,ceagesp_sp,2026-01,2.95
tomate,ceagesp_sp,2026-02,2.85
tomate,ceagesp_sp,2026-03,4.3
tomate,ceagesp_sp,2026-04,5.3
tomate,ceagesp_sp,2026-05,7.02
tomate,ceagesp_sp,2026-06,5.63
tomate,ceagesp_sp,2026-07,3.19
tomate,ceagesp_sp,2026-08,4.43
tomate,ceasa_ac_rio_branco,2024-08,4.35
tomate,ceasa_ac_rio_branco,2024-09,4.15
tomate,ceasa_ac_rio_branco,2024-10,4.33
tomate,ceasa_ac_rio_branco,2024-11,4.31
tomate,ceasa_ac_rio_branco,2024-12,5.97
tomate,ceasa_ac_rio_branco,2025-01,5.7
tomate,ceasa_ac_rio_branco,2025-02,6.68
tomate,ceasa_ac_rio_branco,2025-03,8.97
tomate,ceasa_ac_rio_branco,2025-04,7.23
tomate,ceasa_ac_rio_branco,2025-05,8.36
tomate,ceasa_ac_rio_branco,2025-06,6.89
tomate,ceasa_ac_rio_branco,2025-07,7.12
tomate,ceasa_ac_rio_branco,2025-08,7.18
tomate,ceasa_ac_rio_branco,2025-09,5.54
tomate,ceasa_ac_rio_branco,2025-10,5.3
tomate,ceasa_ac_rio_branco,2025-11,3.98
tomate,ceasa_ac_rio_branco,2025-12,6.04
tomate,ceasa_ac_rio_branco,2026-01,7.04
tomate,ceasa_ac_rio_branco,2026-02,5.54
tomate,ceasa_ac_rio_branco,2026-03,7.5
tomate,ceasa_ac_rio_branco,2026-04,8.7
tomate,ceasa_ac_rio_branco,2026-05,10.52
tomate,ceasa_ac_rio_branco,2026-06,10.17
tomate,ceasa_ac_rio_branco,2026-07,7.29
tomate,ceasa_ac_rio_branco,2026-08,6.68
tomate,ceasa_ce_fortaleza,2024-08,2.65
tomate,ceasa_ce_fortaleza,2024-09,2.43
tomate,ceasa_ce_fortaleza,2024-10,2.96
tomate,ceasa_ce_fortaleza,2024-11,3.51
tomate,ceasa_ce_fortaleza,2024-12,3.46
tomate,ceasa_ce_fortaleza,2025-01,3.77
tomate,ceasa_ce_fortaleza,2025-02,4.19
tomate,ceasa_ce_fortaleza,2025-03,3.91
tomate,ceasa_ce_fortaleza,2025-04,4.9
tomate,ceasa_ce_fortaleza,2025-05,3.95
tomate,ceasa_ce_fortaleza,2025-06,5.38
tomate,ceasa_ce_fortaleza,2025-07,4.74
tomate,ceasa_ce_fortaleza,2025-08,3.48
tomate,ceasa_ce_fortaleza,2025-09,3.2
tomate,ceasa_ce_fortaleza,2025-10,3.32
tomate,ceasa_ce_fortaleza,2025-11,3.06
tomate,ceasa_ce_fortaleza,2025-12,3.41
tomate,ceasa_ce_fortaleza,2026-01,3.26
tomate,ceasa_ce_fortaleza,2026-02,3.62
tomate,ceasa_ce_fortaleza,2026-03,3.27
tomate,ceasa_ce_fortaleza,2026-04,5.07
tomate,ceasa_ce_fortaleza,2026-05,6.04
tomate,ceasa_ce_fortaleza,2026-06,5.41
tomate,ceasa_ce_fortaleza,2026-07,3.46
tomate,ceasa_ce_fortaleza,2026-08,3.35
tomate,ceasa_es_vitoria,2024-08,1.67
tomate,ceasa_es_vitoria,2024-09,2.0
tomate,ceasa_es_vitoria,2024-10,1.94
tomate,ceasa_es_vitoria,2024-11,1.87
tomate,ceasa_es_vitoria,2024-12,1.86
tomate,ceasa_es_vitoria,2025-01,2.66
tomate,ceasa_es_vitoria,2025-02,3.57
tomate,ceasa_es_vitoria,2025-03,4.68
tomate,ceasa_es_vitoria,2025-04,4.74
tomate,ceasa_es_vitoria,2025-05,5.68
tomate,ceasa_es_vitoria,2025-06,5.23
tomate,ceasa_es_vitoria,2025-07,4.99
tomate,ceasa_es_vitoria,2025-08,3.49
tomate,ceasa_es_vitoria,2025-09,2.17
tomate,ceasa_es_vitoria,2025-10,2.76
tomate,ceasa_es_vitoria,2025-11,1.71
tomate,ceasa_es_vitoria,2025-12,2.09
tomate,ceasa_es_vitoria,2026-01,3.22
tomate,ceasa_es_vitoria,2026-02,4.14
tomate,ceasa_es_vitoria,2026-03,4.28
tomate,ceasa_es_vitoria,2026-04,5.93
tomate,ceasa_es_vitoria,2026-05,5.26
tomate,ceasa_es_vitoria,2026-06,6.84
tomate,ceasa_es_vitoria,2026-07,3.07
tomate,ceasa_es_vitoria,2026-08,3.57
tomate,ceasa_go_goiania,2024-08,2.04
tomate,ceasa_go_goiania,2024-09,2.38
tomate,ceasa_go_goiania,2024-10,3.83
tomate,ceasa_go_goiania,2024-11,4.12
tomate,ceasa_go_goiania,2024-12,4.91
tomate,ceasa_go_goiania,2025-01,4.78
tomate,ceasa_go_goiania,2025-02,5.21
tomate,ceasa_go_goiania,2025-03,7.11
tomate,ceasa_go_goiania,2025-04,6.3
tomate,ceasa_go_goiania,2025-05,6.39
tomate,ceasa_go_goiania,2025-06,5.41
tomate,ceasa_go_goiania,2025-07,5.47
tomate,ceasa_go_goiania,2025-08,3.82
tomate,ceasa_go_goiania,2025-09,5.61
tomate,ceasa_go_goiania,2025-10,4.56
tomate,ceasa_go_goiania,2025-11,4.18
tomate,ceasa_go_goiania,2025-12,5.09
tomate,ceasa_go_goiania,2026-01,4.26
tomate,ceasa_go_goiania,2026-02,5.04
tomate,ceasa_go_goiania,2026-03,3.06
tomate,ceasa_go_goiania,2026-04,6.82
tomate,ceasa_go_goiania,2026-05,6.4
tomate,ceasa_go_goiania,2026-06,5.52
tomate,ceasa_pe_recife,2024-08,1.11
tomate,ceasa_pe_recife,2024-09,1.19
tomate,ceasa_pe_recife,2024-10,1.56
tomate,ceasa_pe_recife,2024-11,2.28
tomate,ceasa_pe_recife,2024-12,2.11
tomate,ceasa_pe_recife,2025-01,3.63
tomate,ceasa_pe_recife,2025-02,4.09
tomate,ceasa_pe_recife,2025-03,3.43
tomate,ceasa_pe_recife,2025-04,4.32
tomate,ceasa_pe_recife,2025-05,3.3
tomate,ceasa_pe_recife,2025-06,3.5
tomate,ceasa_pe_recife,2025-07,3.49
tomate,ceasa_pe_recife,2025-08,2.26
tomate,ceasa_pe_recife,2025-09,2.54
tomate,ceasa_pe_recife,2025-10,2.28
tomate,ceasa_pe_recife,2025-11,1.47
tomate,ceasa_pe_recife,2025-12,2.26
tomate,ceasa_pe_recife,2026-01,2.14
tomate,ceasa_pe_recife,2026-02,3.69
tomate,ceasa_pe_recife,2026-03,5.33
tomate,ceasa_pe_recife,2026-04,5.47
tomate,ceasa_pe_recife,2026-05,7.79
tomate,ceasa_pe_recife,2026-06,3.01
tomate,ceasa_pe_recife,2026-07,1.89
tomate,ceasa_pe_recife,2026-08,2.03
tomate,ceasa_pr_curitiba,2024-08,3.32
tomate,ceasa_pr_curitiba,2024-09,3.56
tomate,ceasa_pr_curitiba,2024-10,4.15
tomate,ceasa_pr_curitiba,2024-11,3.08
tomate,ceasa_pr_curitiba,2024-12,3.45
tomate,ceasa_pr_curitiba,2025-01,3.24
tomate,ceasa_pr_curitiba,2025-02,4.21
tomate,ceasa_pr_curitiba,2025-03,6.69
tomate,ceasa_pr_curitiba,2025-04,6.62
tomate,ceasa_pr_curitiba,2025-05,5.72
tomate,ceasa_pr_curitiba,2025-06,6.51
tomate,ceasa_pr_curitiba,2025-07,5.42
tomate,ceasa_pr_curitiba,2025-08,4.78
tomate,ceasa_pr_curitiba,2025-09,4.28
tomate,ceasa_pr_curitiba,2025-10,4.94
tomate,ceasa_pr_curitiba,2025-11,3.63
tomate,ceasa_pr_curitiba,2025-12,4.03
tomate,ceasa_pr_curitiba,2026-01,3.98
tomate,ceasa_pr_curitiba,2026-02,4.0
tomate,ceasa_pr_curitiba,2026-03,2.99
tomate,ceasa_pr_curitiba,2026-04,6.14
tomate,ceasa_pr_curitiba,2026-05,8.36
tomate,ceasa_pr_curitiba,2026-06,7.31
tomate,ceasa_pr_curitiba,2026-07,4.29
tomate,ceasa_pr_curitiba,2026-08,5.55
tomate,ceasa_rj,2024-08,2.83
tomate,ceasa_rj,2024-09,2.8
tomate,ceasa_rj,2024-10,2.54
tomate,ceasa_rj,2024-11,2.36
tomate,ceasa_rj,2024-12,3.16
tomate,ceasa_rj,2025-01,3.89
tomate,ceasa_rj,2025-02,5.24
tomate,ceasa_rj,2025-03,5.95
tomate,ceasa_rj,2025-04,5.44
tomate,ceasa_rj,2025-05,5.02
tomate,ceasa_rj,2025-06,5.07
tomate,ceasa_rj,2025-07,4.98
tomate,ceasa_rj,2025-08,3.87
tomate,ceasa_rj,2025-09,3.43
tomate,ceasa_rj,2025-10,3.26
tomate,ceasa_rj,2025-11,2.27
tomate,ceasa_rj,2025-12,2.79
tomate,ceasa_rj,2026-01,3.93
tomate,ceasa_rj,2026-02,4.44
tomate,ceasa_rj,2026-03,4.62
tomate,ceasa_rj,2026-04,5.03
tomate,ceasa_rj,2026-05,5.61
tomate,ceasa_rj,2026-06,6.52
tomate,ceasa_rj,2026-07,4.0
tomate,ceasa_rj,2026-08,3.9
tomate,ceasa_sc_sao_jose,2024-08,3.51
tomate,ceasa_sc_sao_jose,2024-09,3.2
tomate,ceasa_sc_sao_jose,2024-10,4.59
tomate,ceasa_sc_sao_jose,2024-11,3.09
tomate,ceasa_sc_sao_jose,2024-12,2.19
tomate,ceasa_sc_sao_jose,2025-01,2.04
tomate,ceasa_sc_sao_jose,2025-02,2.08
tomate,ceasa_sc_sao_jose,2025-03,6.2
tomate,ceasa_sc_sao_jose,2025-04,6.06
tomate,ceasa_sc_sao_jose,2025-05,5.97
tomate,ceasa_sc_sao_jose,2025-06,5.75
tomate,ceasa_sc_sao_jose,2025-07,6.02
tomate,ceasa_sc_sao_jose,2025-08,4.47
tomate,ceasa_sc_sao_jose,2025-09,3.98
tomate,ceasa_sc_sao_jose,2025-10,4.37
tomate,ceasa_sc_sao_jose,2025-11,4.51
tomate,ceasa_sc_sao_jose,2025-12,2.73
tomate,ceasa_sc_sao_jose,2026-01,3.04
tomate,ceasa_sc_sao_jose,2026-02,3.0
tomate,ceasa_sc_sao_jose,2026-03,3.4
tomate,ceasa_sc_sao_jose,2026-04,5.08
tomate,ceasa_sc_sao_jose,2026-05,5.01
tomate,ceasa_sc_sao_jose,2026-06,7.75
tomate,ceasa_sc_sao_jose,2026-07,7.88
tomate,ceasa_sc_sao_jose,2026-08,3.51
tomate,ceasa_sp_campinas,2024-08,2.4
tomate,ceasa_sp_campinas,2024-09,2.2
tomate,ceasa_sp_campinas,2024-10,2.74
tomate,ceasa_sp_campinas,2024-11,2.5
tomate,ceasa_sp_campinas,2024-12,3.55
tomate,ceasa_sp_campinas,2025-01,4.22
tomate,ceasa_sp_campinas,2025-02,4.78
tomate,ceasa_sp_campinas,2025-03,7.31
tomate,ceasa_sp_campinas,2025-04,6.99
tomate,ceasa_sp_campinas,2025-05,5.18
tomate,ceasa_sp_campinas,2025-06,5.51
tomate,ceasa_sp_campinas,2025-07,5.52
tomate,ceasa_sp_campinas,2025-08,4.27
tomate,ceasa_sp_campinas,2025-09,3.68
tomate,ceasa_sp_campinas,2025-10,4.17
tomate,ceasa_sp_campinas,2025-11,2.6
tomate,ceasa_sp_campinas,2025-12,3.37
tomate,ceasa_sp_campinas,2026-01,4.41
tomate,ceasa_sp_campinas,2026-02,3.4
tomate,ceasa_sp_campinas,2026-03,4.42
tomate,ceasa_sp_campinas,2026-04,5.82
tomate,ceasa_sp_campinas,2026-05,7.84
tomate,ceasa_sp_campinas,2026-06,7.01
tomate,ceasa_sp_campinas,2026-07,4.12
tomate,ceasa_sp_campinas,2026-08,5.38
tomate,ceasaminas_bh,2024-08,1.72
tomate,ceasaminas_bh,2024-09,1.5
tomate,ceasaminas_bh,2024-10,1.81
tomate,ceasaminas_bh,2024-11,1.77
tomate,ceasaminas_bh,2024-12,2.58
tomate,ceasaminas_bh,2025-01,3.03
tomate,ceasaminas_bh,2025-02,3.65
tomate,ceasaminas_bh,2025-03,4.81
tomate,ceasaminas_bh,2025-04,3.95
tomate,ceasaminas_bh,2025-05,3.54
tomate,ceasaminas_bh,2025-06,3.9
tomate,ceasaminas_bh,2025-07,3.58
tomate,ceasaminas_bh,2025-08,3.09
tomate,ceasaminas_bh,2025-09,2.44
tomate,ceasaminas_bh,2025-10,2.64
tomate,ceasaminas_bh,2025-11,1.97
tomate,ceasaminas_bh,2025-12,2.08
tomate,ceasaminas_bh,2026-01,3.57
tomate,ceasaminas_bh,2026-02,3.28
tomate,ceasaminas_bh,2026-03,2.68
tomate,ceasaminas_bh,2026-04,4.64
tomate,ceasaminas_bh,2026-05,5.15
tomate,ceasaminas_bh,2026-06,4.6
tomate,ceasaminas_bh,2026-07,2.48
tomate,ceasaminas_bh,2026-08,3.06
