product_id,entrepost_id,month,quantity_kg
alface,ceagesp_sp,2025-08,1974131
alface,ceagesp_sp,2026-07,1978050
alface,ceagesp_sp,2026-08,2032813
alface,ceasa_ac_rio_branco,2025-08,716
alface,ceasa_ac_rio_branco,2026-07,870
alface,ceasa_ac_rio_branco,2026-08,647
alface,ceasa_ce_fortaleza,2025-08,545460
alface,ceasa_ce_fortaleza,2026-07,636420
alface,ceasa_ce_fortaleza,2026-08,672230
alface,ceasa_es_vitoria,2025-08,61374
alface,ceasa_es_vitoria,2026-07,71771
alface,ceasa_es_vitoria,2026-08,100389
alface,ceasa_pe_recife,2025-08,160458
alface,ceasa_pe_recife,2026-07,289308
alface,ceasa_pe_recife,2026-08,146664
alface,ceasa_pr_curitiba,2025-08,960703
alface,ceasa_pr_curitiba,2026-07,774630
alface,ceasa_pr_curitiba,2026-08,674612
alface,ceasa_rj,2025-08,192138
alface,ceasa_rj,2026-07,483972
alface,ceasa_rj,2026-08,423780
alface,ceasa_sc_sao_jose,2025-08,51792
alface,ceasa_sc_sao_jose,2026-07,50438
alface,ceasa_sc_sao_jose,2026-08,42669
alface,ceasa_sp_campinas,2025-08,71411
alface,ceasa_sp_campinas,2026-07,54522
alface,ceasa_sp_campinas,2026-08,41982
alface,ceasaminas_bh,2025-08,96098
alface,ceasaminas_bh,2026-07,71476
alface,ceasaminas_bh,2026-08,86699
batata,ceagesp_sp,2025-08,23003970
batata,ceagesp_sp,2026-07,24990105
batata,ceagesp_sp,2026-08,22823900
batata,ceasa_ac_rio_branco,2025-08,12000
batata,ceasa_ac_rio_branco,2026-07,75675
batata,ceasa_ac_rio_branco,2026-08,18075
batata,ceasa_ce_fortaleza,2025-08,3467460
batata,ceasa_ce_fortaleza,2026-07,3897575
batata,ceasa_ce_fortaleza,2026-08,4265410
batata,ceasa_es_vitoria,2025-08,5569275
batata,ceasa_es_vitoria,2026-07,5636352
batata,ceasa_es_vitoria,2026-08,5108435
batata,ceasa_pe_recife,2025-08,5270900
batata,ceasa_pe_recife,2026-07,4233010
batata,ceasa_pe_recife,2026-08,3778035
batata,ceasa_pr_curitiba,2025-08,8335160
batata,ceasa_pr_curitiba,2026-07,6551200
batata,ceasa_pr_curitiba,2026-08,6329830
batata,ceasa_rj,2025-08,22780150
batata,ceasa_rj,2026-07,24465450
batata,ceasa_rj,2026-08,17781400
batata,ceasa_sc_sao_jose,2025-08,3027700
batata,ceasa_sc_sao_jose,2026-07,3012980
batata,ceasa_sc_sao_jose,2026-08,2992790
batata,ceasa_sp_campinas,2025-08,6626184
batata,ceasa_sp_campinas,2026-07,7610330
batata,ceasa_sp_campinas,2026-08,7280120
batata,ceasaminas_bh,2025-08,16976797
batata,ceasaminas_bh,2026-07,15810098
batata,ceasaminas_bh,2026-08,15962629
cebola,ceagesp_sp,2025-08,10568180
cebola,ceagesp_sp,2026-07,12190000
cebola,ceagesp_sp,2026-08,11673980
cebola,ceasa_ac_rio_branco,2025-08,73650
cebola,ceasa_ac_rio_branco,2026-07,122580
cebola,ceasa_ac_rio_branco,2026-08,26200
cebola,ceasa_ce_fortaleza,2025-08,2506970
cebola,ceasa_ce_fortaleza,2026-07,2353920
cebola,ceasa_ce_fortaleza,2026-08,2217080
cebola,ceasa_es_vitoria,2025-08,1330050
cebola,ceasa_es_vitoria,2026-07,1989500
cebola,ceasa_es_vitoria,2026-08,1509640
cebola,ceasa_pe_recife,2025-08,2993100
cebola,ceasa_pe_recife,2026-07,2678469
cebola,ceasa_pe_recife,2026-08,2989053
cebola,ceasa_pr_curitiba,2025-08,3244200
cebola,ceasa_pr_curitiba,2026-07,2439100
cebola,ceasa_pr_curitiba,2026-08,3133200
cebola,ceasa_rj,2025-08,5823620
cebola,ceasa_rj,2026-07,6652980
cebola,ceasa_rj,2026-08,6323880
cebola,ceasa_sc_sao_jose,2025-08,1202451
cebola,ceasa_sc_sao_jose,2026-07,1194799
cebola,ceasa_sc_sao_jose,2026-08,1159880
cebola,ceasa_sp_campinas,2025-08,2503897
cebola,ceasa_sp_campinas,2026-07,3049875
cebola,ceasa_sp_campinas,2026-08,3039340
cebola,ceasaminas_bh,2025-08,8522655
cebola,ceasaminas_bh,2026-07,7868460
cebola,ceasaminas_bh,2026-08,8765720
cenoura,ceagesp_sp,2025-08,5872782
cenoura,ceagesp_sp,2026-07,6046803
cenoura,ceagesp_sp,2026-08,5875928
cenoura,ceasa_ac_rio_branco,2025-08,51760
cenoura,ceasa_ac_rio_branco,2026-07,920
cenoura,ceasa_ac_rio_branco,2026-08,10500
cenoura,ceasa_ce_fortaleza,2025-08,1556232
cenoura,ceasa_ce_fortaleza,2026-07,1778432
cenoura,ceasa_ce_fortaleza,2026-08,1396130
cenoura,ceasa_es_vitoria,2025-08,870720
cenoura,ceasa_es_vitoria,2026-07,1183640
cenoura,ceasa_es_vitoria,2026-08,1468914
cenoura,ceasa_pe_recife,2025-08,1887365
cenoura,ceasa_pe_recife,2026-07,1351068
cenoura,ceasa_pe_recife,2026-08,1452178
cenoura,ceasa_pr_curitiba,2025-08,3023854
cenoura,ceasa_pr_curitiba,2026-07,3166907
cenoura,ceasa_pr_curitiba,2026-08,2991322
cenoura,ceasa_rj,2025-08,1788080
cenoura,ceasa_rj,2026-07,2008680
cenoura,ceasa_rj,2026-08,1751220
cenoura,ceasa_sc_sao_jose,2025-08,1144064
cenoura,ceasa_sc_sao_jose,2026-07,834022
cenoura,ceasa_sc_sao_jose,2026-08,2112161
cenoura,ceasa_sp_campinas,2025-08,949731
cenoura,ceasa_sp_campinas,2026-07,1074616
cenoura,ceasa_sp_campinas,2026-08,1030590
cenoura,ceasaminas_bh,2025-08,3775016
cenoura,ceasaminas_bh,2026-07,3291324
cenoura,ceasaminas_bh,2026-08,3647352
tomate,ceagesp_sp,2025-08,18552941
tomate,ceagesp_sp,2026-07,21892181
tomate,ceagesp_sp,2026-08,18705170
tomate,ceasa_ac_rio_branco,2025-08,41400
tomate,ceasa_ac_rio_branco,2026-07,51624
tomate,ceasa_ac_rio_branco,2026-08,53280
tomate,ceasa_ce_fortaleza,2025-08,2801196
tomate,ceasa_ce_fortaleza,2026-07,2523499
tomate,ceasa_ce_fortaleza,2026-08,2700301
tomate,ceasa_es_vitoria,2025-08,1201351
tomate,ceasa_es_vitoria,2026-07,1075159
tomate,ceasa_es_vitoria,2026-08,931275
tomate,ceasa_pe_recife,2025-08,4417832
tomate,ceasa_pe_recife,2026-07,4810102
tomate,ceasa_pe_recife,2026-08,4510451
tomate,ceasa_pr_curitiba,2025-08,6894685
tomate,ceasa_pr_curitiba,2026-07,6027878
tomate,ceasa_pr_curitiba,2026-08,5942570
tomate,ceasa_rj,2025-08,4325208
tomate,ceasa_rj,2026-07,4540358
tomate,ceasa_rj,2026-08,3937912
tomate,ceasa_sc_sao_jose,2025-08,2180737
tomate,ceasa_sc_sao_jose,2026-07,2174569
tomate,ceasa_sc_sao_jose,2026-08,2018097
tomate,ceasa_sp_campinas,2025-08,3273861
tomate,ceasa_sp_campinas,2026-07,3113066
tomate,ceasa_sp_campinas,2026-08,2995440
tomate,ceasaminas_bh,2025-08,7735063
tomate,ceasaminas_bh,2026-07,8419544
tomate,ceasaminas_bh,2026-08,8195847
