product_id,microregion,uf,quantity_kg,rank,reference_month
alface,PIEDADE,SP,1610689,1,2026-08
alface,SANTA TERESA,ES,86199,10,2026-08
alface,BELO HORIZONTE,MG,63808,11,2026-08
alface,GUARULHOS,SP,55053,12,2026-08
alface,PORECATÚ,PR,43863,13,2026-08
alface,RIO NEGRO,PR,23228,14,2026-08
alface,FLORIANÓPOLIS,SC,23227,15,2026-08
alface,FOZ DO IGUAÇU,PR,20254,16,2026-08
alface,SERTÃO DE QUIXERAMOBIM,CE,19200,17,2026-08
alface,CAMPINAS,SP,18663,18,2026-08
alface,BAIXO JAGUARIBE,CE,18000,19,2026-08
alface,CURITIBA,PR,668856,2,2026-08
alface,LONDRINA,PR,17241,20,2026-08
alface,IBIAPABA,CE,517150,3,2026-08
alface,SERRANA,RJ,380421,4,2026-08
alface,ITAPECERICA DA SERRA,SP,231538,5,2026-08
alface,NOVA FRIBURGO,RJ,144960,6,2026-08
alface,VITÓRIA DE SANTO ANTÃO,PE,144560,7,2026-08
alface,MOGI DAS CRUZES,SP,136537,8,2026-08
alface,BATURITÉ,CE,98000,9,2026-08
batata,SÃO JOÃO DA BOA VISTA,SP,21046510,1,2026-08
batata,AVARÉ,SP,2512925,10,2026-08
batata,BELO HORIZONTE,MG,2102548,11,2026-08
batata,POÇOS DE CALDAS,MG,2080050,12,2026-08
batata,LIMEIRA,SP,1900275,13,2026-08
batata,SÃO PAULO,SP,1673450,14,2026-08
batata,CURITIBA,PR,1612215,15,2026-08
batata,VARGINHA,MG,1358250,16,2026-08
batata,VÃO DO PARANÃ,GO,1022500,17,2026-08
batata,PATOS DE MINAS,MG,960250,18,2026-08
batata,FORMIGA,MG,946200,19,2026-08
batata,ARAXÁ,MG,7130875,2,2026-08
batata,SÃO MATEUS DO SUL,PR,942260,20,2026-08
batata,SEABRA,BA,6761950,3,2026-08
batata,POUSO ALEGRE,MG,5434775,4,2026-08
batata,ITAPETININGA,SP,5378440,5,2026-08
batata,MOJI MIRIM,SP,5049625,6,2026-08
batata,ENTORNO DE BRASÍLIA,GO,4735100,7,2026-08
batata,ITAPEVA,SP,4514475,8,2026-08
batata,PIRASSUNUNGA,SP,4379975,9,2026-08
cebola,ENTORNO DE BRASÍLIA,GO,5722380,1,2026-08
cebola,PIEDADE,SP,1266120,10,2026-08
cebola,UBERLÂNDIA,MG,1240160,11,2026-08
cebola,IRECÊ,BA,1189720,12,2026-08
cebola,JOAÇABA,SC,1046000,13,2026-08
cebola,CATALÃO,GO,1006500,14,2026-08
cebola,PARACATU,MG,816230,15,2026-08
cebola,UBERABA,MG,660400,16,2026-08
cebola,SÃO PAULO,SP,647940,17,2026-08
cebola,PORANGATU,GO,578500,18,2026-08
cebola,MARINGÁ,PR,453060,19,2026-08
cebola,ARAXÁ,MG,5270320,2,2026-08
cebola,TABULEIRO,SC,409720,20,2026-08
cebola,SÃO JOÃO DA BOA VISTA,SP,4891940,3,2026-08
cebola,JABOTICABAL,SP,3443260,4,2026-08
cebola,ITUPORANGA,SC,2730170,5,2026-08
cebola,PETROLINA,PE,2546900,6,2026-08
cebola,PATOS DE MINAS,MG,1557200,7,2026-08
cebola,JUAZEIRO,BA,1468640,8,2026-08
cebola,GOIÂNIA,GO,1373620,9,2026-08
cenoura,PIEDADE,SP,4526448,1,2026-08
cenoura,RIO NEGRO,PR,532390,10,2026-08
cenoura,APUCARANA,PR,486160,11,2026-08
cenoura,SERRANA,RJ,455940,12,2026-08
cenoura,JUAZEIRO,BA,417000,13,2026-08
cenoura,UBERABA,MG,370012,14,2026-08
cenoura,FLORIANÓPOLIS,SC,295296,15,2026-08
cenoura,SANTA RITA DO SAPUCAÍ,MG,262820,16,2026-08
cenoura,CANOINHAS,SC,255146,17,2026-08
cenoura,VACARIA,RS,181520,18,2026-08
cenoura,ASSAÍ,PR,164900,19,2026-08
cenoura,PATOS DE MINAS,MG,4519216,2,2026-08
cenoura,ENTORNO DE BRASÍLIA,GO,153200,20,2026-08
cenoura,CURITIBA,PR,2211652,3,2026-08
cenoura,ARAXÁ,MG,1684680,4,2026-08
cenoura,SÃO PAULO,SP,1333203,5,2026-08
cenoura,BARBACENA,MG,1144620,6,2026-08
cenoura,SÃO JOÃO DA BOA VISTA,SP,1132786,7,2026-08
cenoura,IRECÊ,BA,939800,8,2026-08
cenoura,ITAPECERICA DA SERRA,SP,746289,9,2026-08
tomate,GOIÂNIA,GO,4139736,1,2026-08
tomate,CATALÃO,GO,1662468,10,2026-08
tomate,ENTORNO DE BRASÍLIA,GO,1466617,11,2026-08
tomate,BREJO PERNAMBUCANO,PE,1384518,12,2026-08
tomate,VASSOURAS,RJ,1322873,13,2026-08
tomate,CARATINGA,MG,1319450,14,2026-08
tomate,SÃO SEBASTIÃO DO PARAÍSO,MG,1231920,15,2026-08
tomate,UBERLÂNDIA,MG,1215405,16,2026-08
tomate,OSASCO,SP,1024566,17,2026-08
tomate,PIRASSUNUNGA,SP,971684,18,2026-08
tomate,BARBACENA,MG,842864,19,2026-08
tomate,OLIVEIRA,MG,3460121,2,2026-08
tomate,ITAPEVA,SP,770173,20,2026-08
tomate,MOJI MIRIM,SP,3421271,3,2026-08
tomate,SETE LAGOAS,MG,2684491,4,2026-08
tomate,VALE DO IPOJUCA,PE,2253512,5,2026-08
tomate,SÃO PAULO,SP,2103173,6,2026-08
tomate,IBIAPABA,CE,2027500,7,2026-08
tomate,SANTO ANTÔNIO DE PÁDUA,RJ,1970592,8,2026-08
tomate,CAPÃO BONITO,SP,1798243,9,2026-08
