product_id,entrepost_id,reference_month,price_brl_kg,change_prev_month
alface,,2026-08,5.06,-0.148
alface,ceagesp_sp,2026-08,3.23,-0.2964
alface,ceasa_ac_rio_branco,2026-08,11.9,0.0
alface,ceasa_ce_fortaleza,2026-08,12.46,-0.0281
alface,ceasa_es_vitoria,2026-08,3.57,0.0038
alface,ceasa_pe_recife,2026-08,4.11,0.1545
alface,ceasa_pr_curitiba,2026-08,4.1,-0.2103
alface,ceasa_rj,2026-08,3.47,-0.3122
alface,ceasa_sc_sao_jose,2026-08,6.09,0.0027
alface,ceasa_sp_campinas,2026-08,3.36,-0.0186
alface,ceasaminas_bh,2026-08,9.41,-0.0447
batata,,2026-08,2.63,-0.116
batata,ceagesp_sp,2026-08,2.77,-0.1248
batata,ceasa_ac_rio_branco,2026-08,4.26,-0.4635
batata,ceasa_ce_fortaleza,2026-08,4.81,-0.0821
batata,ceasa_es_vitoria,2026-08,2.86,-0.1034
batata,ceasa_pe_recife,2026-08,3.76,-0.1092
batata,ceasa_pr_curitiba,2026-08,2.72,-0.2283
batata,ceasa_rj,2026-08,1.22,-0.2033
batata,ceasa_sc_sao_jose,2026-08,3.64,-0.2566
batata,ceasa_sp_campinas,2026-08,3.88,-0.1112
batata,ceasaminas_bh,2026-08,2.27,-0.1516
cebola,,2026-08,3.88,-0.138
cebola,ceagesp_sp,2026-08,3.91,-0.0771
cebola,ceasa_ac_rio_branco,2026-08,5.02,-0.0975
cebola,ceasa_ce_fortaleza,2026-08,5.5,-0.1653
cebola,ceasa_es_vitoria,2026-08,3.93,-0.1552
cebola,ceasa_pe_recife,2026-08,3.69,-0.2545
cebola,ceasa_pr_curitiba,2026-08,3.71,-0.1732
cebola,ceasa_rj,2026-08,3.7,-0.1821
cebola,ceasa_sc_sao_jose,2026-08,5.03,0.5555
cebola,ceasa_sp_campinas,2026-08,3.76,-0.1579
cebola,ceasaminas_bh,2026-08,3.55,-0.1652
cenoura,,2026-08,4.05,0.0088
cenoura,ceagesp_sp,2026-08,4.32,0.1092
cenoura,ceasa_ac_rio_branco,2026-08,6.8,-0.0736
cenoura,ceasa_ce_fortaleza,2026-08,4.05,0.2199
cenoura,ceasa_es_vitoria,2026-08,3.78,-0.123
cenoura,ceasa_pe_recife,2026-08,5.45,-0.0091
cenoura,ceasa_pr_curitiba,2026-08,3.79,0.0806
cenoura,ceasa_rj,2026-08,4.11,-0.1874
cenoura,ceasa_sc_sao_jose,2026-08,4.19,-0.2945
cenoura,ceasa_sp_campinas,2026-08,4.39,0.0553
cenoura,ceasaminas_bh,2026-08,3.18,-0.0139
tomate,,2026-08,4.03,0.1813
tomate,ceagesp_sp,2026-08,4.43,0.3858
tomate,ceasa_ac_rio_branco,2026-08,6.68,-0.0837
tomate,ceasa_ce_fortaleza,2026-08,3.35,-0.0318
tomate,ceasa_es_vitoria,2026-08,3.57,0.1645
tomate,ceasa_pe_recife,2026-08,2.03,0.0747
tomate,ceasa_pr_curitiba,2026-08,5.55,0.2953
tomate,ceasa_rj,2026-08,3.9,-0.0237
tomate,ceasa_sc_sao_jose,2026-08,3.51,-0.555
tomate,ceasa_sp_campinas,2026-08,5.38,0.3059
tomate,ceasaminas_bh,2026-08,3.06,0.2345
