product_id,uf,quantity_kg,reference_month
alface,AC,647,2026-08
alface,CE,672230,2026-08
alface,ES,100389,2026-08
alface,MG,86586,2026-08
alface,PE,146036,2026-08
alface,PR,675040,2026-08
alface,RJ,429711,2026-08
alface,SC,38037,2026-08
alface,SP,2073809,2026-08
batata,BA,6858575,2026-08
batata,CE,39500,2026-08
batata,ES,1770,2026-08
batata,GO,7253150,2026-08
batata,MG,23399889,2026-08
batata,PE,111540,2026-08
batata,PR,2649915,2026-08
batata,RJ,46350,2026-08
batata,RN,64200,2026-08
batata,RS,138850,2026-08
batata,SC,174795,2026-08
batata,SP,45602090,2026-08
cebola,BA,3019760,2026-08
cebola,CE,22820,2026-08
cebola,DF,40000,2026-08
cebola,GO,8868500,2026-08
cebola,MG,10428320,2026-08
cebola,NI,73200,2026-08
cebola,PB,28000,2026-08
cebola,PE,2606900,2026-08
cebola,PR,973880,2026-08
cebola,RJ,279700,2026-08
cebola,RN,60000,2026-08
cebola,RS,24200,2026-08
cebola,SC,4405480,2026-08
cebola,SE,28000,2026-08
cebola,SP,9979213,2026-08
cenoura,BA,1449800,2026-08
cenoura,CE,4000,2026-08
cenoura,ES,93790,2026-08
cenoura,GO,153200,2026-08
cenoura,MG,8101988,2026-08
cenoura,NI,2430,2026-08
cenoura,PE,114700,2026-08
cenoura,PR,2684862,2026-08
cenoura,RJ,462380,2026-08
cenoura,RS,212620,2026-08
cenoura,SC,649262,2026-08
cenoura,SP,7807263,2026-08
tomate,AL,16350,2026-08
tomate,BA,714569,2026-08
tomate,CE,2544650,2026-08
tomate,ES,1443524,2026-08
tomate,GO,6385627,2026-08
tomate,MG,14869655,2026-08
tomate,PB,134953,2026-08
tomate,PE,4297449,2026-08
tomate,PR,833911,2026-08
tomate,RJ,3199253,2026-08
tomate,RS,233,2026-08
tomate,SC,743544,2026-08
tomate,SP,14806625,2026-08
