category,month,quantity_kg
vegetable,2024-01,350393652
vegetable,2024-02,353236909
vegetable,2024-03,384940510
vegetable,2024-04,369643240
vegetable,2024-05,376514673
vegetable,2024-06,357786210
vegetable,2024-07,390358839
vegetable,2024-08,383966740
vegetable,2024-09,368546411
vegetable,2024-10,391902637
vegetable,2024-11,357256126
vegetable,2024-12,373708606
vegetable,2025-01,366908888
vegetable,2025-02,343964943
vegetable,2025-03,358251908
vegetable,2025-04,348280360
vegetable,2025-05,371199685
vegetable,2025-06,356961466
vegetable,2025-07,382868832
vegetable,2025-08,355799671
vegetable,2025-09,373534452
vegetable,2025-10,382200891
vegetable,2025-11,358962786
vegetable,2025-12,359190335
vegetable,2026-01,351322070
vegetable,2026-02,320669004
vegetable,2026-03,367514063
vegetable,2026-04,342793278
vegetable,2026-05,334756161
vegetable,2026-06,325811661
vegetable,2026-07,361920215
vegetable,2026-08,341970089
